Nodal displacements, Load comb.: combo1
ID	Node	ex	ey	ez	φ x	φ y	φ z
[-]	[-]	[mm]	[mm]	[mm]	[rad]	[rad]	[rad]
B.1.1	51	0.000	0.000	-0.541	-0.001	0.000	0.000
B.1.1	53	0.000	0.000	-0.990	-0.001	0.000	0.000
B.1.1	54	0.000	0.000	-1.158	-0.000	0.000	0.000
B.1.1	52	0.000	0.000	-0.777	-0.001	0.000	0.000
B.1.1	49	0.000	0.000	-0.115	-0.000	0.000	0.000
B.1.1	50	0.000	0.000	-0.309	-0.001	0.000	0.000
B.1.1	48	0.000	0.000	-0.000	-0.000	0.000	0.000
B.1.1	60	0.000	-0.000	-0.777	0.001	0.000	-0.000
B.1.1	58	0.000	-0.000	-1.158	0.000	0.000	-0.000
B.1.1	59	0.000	-0.000	-0.990	0.001	0.000	-0.000
B.1.1	61	0.000	-0.000	-0.541	0.001	0.000	-0.000
B.1.1	55	0.000	0.000	-1.264	-0.000	0.000	0.000
B.1.1	56	0.000	0.000	-1.301	0.000	0.000	-0.000
B.1.1	63	0.000	-0.000	-0.115	0.000	0.000	-0.000
B.1.1	57	0.000	-0.000	-1.264	0.000	0.000	-0.000
B.1.1	64	0.000	-0.000	-0.000	0.000	0.000	-0.000
B.1.1	62	0.000	-0.000	-0.309	0.001	0.000	-0.000
B.2.1	1200	-0.000	0.000	-0.777	0.001	-0.000	-0.000
B.2.1	1204	-0.000	0.000	-0.000	0.000	-0.000	-0.000
B.2.1	1202	-0.000	0.000	-0.309	0.001	-0.000	-0.000
B.2.1	1192	-0.000	-0.000	-0.777	-0.001	-0.000	0.000
B.2.1	1198	-0.000	0.000	-1.158	0.000	-0.000	-0.000
B.2.1	1199	-0.000	0.000	-0.990	0.001	-0.000	-0.000
B.2.1	1190	-0.000	-0.000	-0.309	-0.001	-0.000	0.000
B.2.1	1191	-0.000	-0.000	-0.541	-0.001	-0.000	0.000
B.2.1	1203	-0.000	0.000	-0.115	0.000	-0.000	-0.000
B.2.1	1189	-0.000	-0.000	-0.115	-0.000	-0.000	0.000
B.2.1	1195	-0.000	-0.000	-1.264	-0.000	-0.000	0.000
B.2.1	1201	-0.000	0.000	-0.541	0.001	-0.000	-0.000
B.2.1	1193	-0.000	-0.000	-0.990	-0.001	-0.000	0.000
B.2.1	1188	-0.000	-0.000	-0.000	-0.000	-0.000	0.000
B.2.1	1194	-0.000	-0.000	-1.158	-0.000	-0.000	0.000
B.2.1	1196	-0.000	0.000	-1.301	-0.000	-0.000	0.000
B.2.1	1197	-0.000	0.000	-1.264	0.000	-0.000	-0.000
B.3.1	17	0.000	-0.001	-0.004	0.000	-0.000	0.000
B.3.1	25	0.000	-0.000	-0.003	0.000	-0.000	0.000
B.3.1	27	0.000	-0.000	-0.003	0.000	-0.000	0.000
B.3.1	23	0.000	-0.001	-0.003	0.000	-0.000	0.000
B.3.1	64	0.000	-0.000	-0.000	0.000	0.000	-0.000
B.3.1	19	0.000	-0.001	-0.004	0.000	-0.000	0.000
B.3.1	21	0.000	-0.001	-0.004	0.000	-0.000	0.000
B.3.1	37	0.000	-0.000	-0.001	0.000	-0.000	0.000
B.3.1	31	0.000	-0.000	-0.002	0.000	-0.000	0.000
B.3.1	43	0.000	0.000	-0.001	0.000	-0.000	0.000
B.3.1	39	0.000	0.000	-0.001	0.000	-0.000	0.000
B.3.1	41	0.000	0.000	-0.001	0.000	-0.000	0.000
B.3.1	45	0.000	0.000	-0.000	0.000	-0.000	0.000
B.3.1	47	0.000	0.000	-0.000	0.000	-0.000	0.000
B.3.1	29	0.000	-0.000	-0.002	0.000	-0.000	0.000
B.3.1	33	0.000	-0.000	-0.002	0.000	-0.000	0.000
B.3.1	35	0.000	-0.000	-0.002	0.000	-0.000	0.000
B.4.1	48	0.000	0.000	-0.000	-0.000	0.000	0.000
B.4.1	30	0.000	0.000	-0.002	-0.000	-0.000	-0.000
B.4.1	38	0.000	-0.000	-0.001	-0.000	-0.000	-0.000
B.4.1	18	0.000	0.001	-0.004	-0.000	-0.000	-0.000
B.4.1	34	0.000	0.000	-0.002	-0.000	-0.000	-0.000
B.4.1	32	0.000	0.000	-0.002	-0.000	-0.000	-0.000
B.4.1	20	0.000	0.001	-0.004	-0.000	-0.000	-0.000
B.4.1	28	0.000	0.000	-0.002	-0.000	-0.000	-0.000
B.4.1	40	0.000	-0.000	-0.001	-0.000	-0.000	-0.000
B.4.1	26	0.000	0.000	-0.003	-0.000	-0.000	-0.000
B.4.1	24	0.000	0.000	-0.003	-0.000	-0.000	-0.000
B.4.1	36	0.000	0.000	-0.001	-0.000	-0.000	-0.000
B.4.1	1	0.000	0.001	-0.004	-0.000	-0.000	-0.000
B.4.1	46	0.000	-0.000	-0.000	-0.000	-0.000	-0.000
B.4.1	42	0.000	-0.000	-0.001	-0.000	-0.000	-0.000
B.4.1	22	0.000	0.001	-0.003	-0.000	-0.000	-0.000
B.4.1	44	0.000	-0.000	-0.000	-0.000	-0.000	-0.000
B.5.1	1204	-0.000	0.000	-0.000	0.000	-0.000	-0.000
B.5.1	1208	-0.000	-0.000	-0.001	0.000	0.000	-0.000
B.5.1	1206	-0.000	-0.000	-0.000	0.000	0.000	-0.000
B.5.1	1212	-0.000	-0.000	-0.002	0.000	0.000	-0.000
B.5.1	1210	-0.000	-0.000	-0.001	0.000	0.000	-0.000
B.5.1	1214	-0.000	-0.000	-0.003	0.000	0.000	-0.000
B.5.1	1224	-0.000	-0.000	-0.007	0.000	0.000	0.000
B.5.1	1216	-0.000	-0.000	-0.003	0.000	0.000	-0.000
B.5.1	1220	-0.000	-0.000	-0.005	0.000	0.000	0.000
B.5.1	1232	-0.000	0.000	-0.010	0.000	0.000	0.000
B.5.1	1228	-0.000	0.000	-0.008	0.000	0.000	0.000
B.5.1	1251	-0.000	0.001	-0.012	0.000	0.000	0.000
B.5.1	1226	-0.000	-0.000	-0.008	0.000	0.000	0.000
B.5.1	1230	-0.000	0.000	-0.009	0.000	0.000	0.000
B.5.1	1222	-0.000	-0.000	-0.006	0.000	0.000	0.000
B.5.1	1234	-0.000	0.001	-0.011	0.000	0.000	0.000
B.5.1	1218	-0.000	-0.000	-0.004	0.000	0.000	0.000
B.6.1	1188	-0.000	-0.000	-0.000	-0.000	-0.000	0.000
B.6.1	1229	-0.000	-0.000	-0.009	-0.000	0.000	-0.000
B.6.1	1227	-0.000	-0.000	-0.008	-0.000	0.000	-0.000
B.6.1	1223	-0.000	0.000	-0.007	-0.000	0.000	-0.000
B.6.1	1231	-0.000	-0.000	-0.010	-0.000	0.000	-0.000
B.6.1	1233	-0.000	-0.001	-0.011	-0.000	0.000	-0.000
B.6.1	1235	-0.000	-0.001	-0.012	-0.000	0.000	-0.000
B.6.1	1207	-0.000	0.000	-0.001	-0.000	0.000	0.000
B.6.1	1219	-0.000	0.000	-0.005	-0.000	0.000	-0.000
B.6.1	1215	-0.000	0.000	-0.003	-0.000	0.000	0.000
B.6.1	1217	-0.000	0.000	-0.004	-0.000	0.000	-0.000
B.6.1	1209	-0.000	0.000	-0.001	-0.000	0.000	0.000
B.6.1	1213	-0.000	0.000	-0.003	-0.000	0.000	0.000
B.6.1	1211	-0.000	0.000	-0.002	-0.000	0.000	0.000
B.6.1	1221	-0.000	0.000	-0.006	-0.000	0.000	-0.000
B.6.1	1225	-0.000	0.000	-0.008	-0.000	0.000	-0.000
B.6.1	1205	-0.000	0.000	-0.000	-0.000	0.000	0.000
B.7.1	117	0.175	0.001	-3.525	-0.023	0.003	-0.000
B.7.1	118	1.853	0.001	-11.390	-0.026	0.003	-0.010
B.7.1	119	5.917	0.001	-19.730	-0.027	0.003	-0.016
B.7.1	120	11.249	0.001	-27.894	-0.025	0.003	-0.018
B.7.1	127	26.244	-0.000	-46.293	0.012	0.003	0.011
B.7.1	122	22.100	0.001	-41.577	-0.018	0.003	-0.015
B.7.1	130	11.249	-0.001	-27.894	0.025	0.003	0.018
B.7.1	121	16.901	0.001	-35.327	-0.022	0.003	-0.018
B.7.1	131	5.917	-0.001	-19.730	0.027	0.003	0.016
B.7.1	129	16.901	-0.001	-35.327	0.022	0.003	0.018
B.7.1	125	29.817	0.000	-50.216	-0.000	0.003	-0.000
B.7.1	132	1.853	-0.001	-11.390	0.026	0.003	0.010
B.7.1	128	22.100	-0.001	-41.577	0.018	0.003	0.015
B.7.1	124	28.902	0.000	-49.223	-0.006	0.003	-0.006
B.7.1	133	0.175	-0.001	-3.525	0.023	0.003	0.000
B.7.1	123	26.244	0.000	-46.293	-0.012	0.003	-0.011
B.7.1	126	28.902	-0.000	-49.223	0.006	0.003	0.006
B.8.1	17	0.000	-0.001	-0.004	0.000	-0.000	0.000
B.8.1	1	0.000	0.001	-0.004	-0.000	-0.000	-0.000
B.8.1	7	0.544	0.000	-0.867	-0.000	-0.000	-0.000
B.8.1	6	0.458	0.000	-0.771	-0.000	-0.000	-0.000
B.8.1	9	0.618	0.000	-0.946	0.000	-0.000	0.000
B.8.1	10	0.599	-0.000	-0.926	0.000	-0.000	0.000
B.8.1	4	0.232	0.001	-0.494	-0.001	-0.000	-0.000
B.8.1	8	0.599	0.000	-0.926	-0.000	-0.000	-0.000
B.8.1	16	0.036	-0.001	-0.161	0.001	-0.000	0.000
B.8.1	2	0.036	0.001	-0.161	-0.001	-0.000	-0.000
B.8.1	15	0.121	-0.001	-0.329	0.001	-0.000	0.000
B.8.1	11	0.544	-0.000	-0.867	0.000	-0.000	0.000
B.8.1	14	0.232	-0.001	-0.494	0.001	-0.000	0.000
B.8.1	13	0.349	-0.000	-0.644	0.000	-0.000	0.000
B.8.1	12	0.458	-0.000	-0.771	0.000	-0.000	0.000
B.8.1	5	0.349	0.000	-0.644	-0.000	-0.000	-0.000
B.8.1	3	0.121	0.001	-0.329	-0.001	-0.000	-0.000
B.9.1	256	0.379	-0.000	-10.999	-0.024	0.004	-0.000
B.9.1	257	2.054	-0.000	-19.035	-0.027	0.004	-0.010
B.9.1	258	6.116	-0.000	-27.524	-0.027	0.004	-0.016
B.9.1	271	2.054	0.000	-19.035	0.027	0.004	0.010
B.9.1	269	11.445	0.000	-35.813	0.025	0.004	0.018
B.9.1	260	17.095	-0.000	-43.348	-0.022	0.004	-0.018
B.9.1	265	29.094	0.000	-57.416	0.006	0.004	0.006
B.9.1	266	26.436	0.000	-54.451	0.012	0.004	0.011
B.9.1	267	22.293	0.000	-49.679	0.018	0.004	0.015
B.9.1	263	29.094	-0.000	-57.416	-0.006	0.004	-0.006
B.9.1	270	6.116	0.000	-27.524	0.027	0.004	0.016
B.9.1	262	26.436	-0.000	-54.451	-0.012	0.004	-0.011
B.9.1	264	30.008	0.000	-58.421	-0.000	0.004	-0.000
B.9.1	272	0.379	0.000	-10.999	0.024	0.004	0.000
B.9.1	268	17.095	0.000	-43.348	0.022	0.004	0.018
B.9.1	261	22.293	-0.000	-49.679	-0.018	0.004	-0.015
B.9.1	259	11.445	-0.000	-35.813	-0.025	0.004	-0.018
B.10.1	373	17.009	-0.000	-48.642	0.022	0.002	0.018
B.10.1	368	29.008	0.000	-62.713	-0.006	0.002	-0.006
B.10.1	369	29.923	0.000	-63.718	-0.000	0.002	-0.000
B.10.1	374	11.358	-0.000	-41.104	0.025	0.002	0.018
B.10.1	362	1.967	0.000	-24.321	-0.027	0.002	-0.010
B.10.1	375	6.029	-0.000	-32.813	0.027	0.002	0.016
B.10.1	372	22.207	-0.000	-54.974	0.018	0.002	0.015
B.10.1	376	1.967	-0.000	-24.321	0.027	0.002	0.010
B.10.1	377	0.291	-0.000	-16.282	0.024	0.002	0.000
B.10.1	361	0.291	0.000	-16.282	-0.024	0.002	-0.000
B.10.1	371	26.350	-0.000	-59.748	0.012	0.002	0.011
B.10.1	370	29.008	-0.000	-62.713	0.006	0.002	0.006
B.10.1	364	11.358	0.000	-41.104	-0.025	0.002	-0.018
B.10.1	363	6.029	0.000	-32.813	-0.027	0.002	-0.016
B.10.1	365	17.009	0.000	-48.642	-0.022	0.002	-0.018
B.10.1	367	26.350	0.000	-59.748	-0.012	0.002	-0.011
B.10.1	366	22.207	0.000	-54.974	-0.018	0.002	-0.015
B.11.1	498	0.127	-0.000	-18.624	-0.024	0.000	-0.000
B.11.1	499	1.803	-0.000	-26.663	-0.027	0.000	-0.010
B.11.1	500	5.865	-0.000	-35.155	-0.027	0.000	-0.016
B.11.1	507	28.844	0.000	-65.054	0.006	0.000	0.006
B.11.1	506	29.759	0.000	-66.060	-0.000	0.000	-0.000
B.11.1	509	22.043	0.000	-57.316	0.018	0.000	0.015
B.11.1	510	16.845	0.000	-50.984	0.022	0.000	0.018
B.11.1	501	11.195	-0.000	-43.446	-0.025	0.000	-0.018
B.11.1	504	26.186	-0.000	-62.090	-0.012	0.000	-0.011
B.11.1	508	26.186	0.000	-62.090	0.012	0.000	0.011
B.11.1	502	16.845	-0.000	-50.984	-0.022	0.000	-0.018
B.11.1	511	11.195	0.000	-43.446	0.025	0.000	0.018
B.11.1	514	0.127	0.000	-18.624	0.024	0.000	0.000
B.11.1	513	1.803	0.000	-26.663	0.027	0.000	0.010
B.11.1	512	5.865	0.000	-35.155	0.027	0.000	0.016
B.11.1	505	28.844	-0.000	-65.054	-0.006	0.000	-0.006
B.11.1	503	22.043	-0.000	-57.316	-0.018	0.000	-0.015
B.12.1	643	26.050	0.000	-62.122	-0.012	0.000	-0.011
B.12.1	642	21.907	0.000	-57.348	-0.018	0.000	-0.015
B.12.1	644	28.708	0.000	-65.087	-0.006	0.000	-0.006
B.12.1	645	29.622	0.000	-66.092	-0.000	0.000	-0.000
B.12.1	649	16.709	-0.000	-51.016	0.022	0.000	0.018
B.12.1	650	11.058	-0.000	-43.479	0.025	0.000	0.018
B.12.1	647	26.050	-0.000	-62.122	0.012	0.000	0.011
B.12.1	639	5.728	0.000	-35.187	-0.027	0.000	-0.016
B.12.1	646	28.708	-0.000	-65.087	0.006	0.000	0.006
B.12.1	648	21.907	-0.000	-57.348	0.018	0.000	0.015
B.12.1	652	1.667	-0.000	-26.695	0.027	0.000	0.010
B.12.1	651	5.728	-0.000	-35.187	0.027	0.000	0.016
B.12.1	653	-0.009	-0.000	-18.656	0.024	0.000	0.000
B.12.1	638	1.667	0.000	-26.695	-0.027	0.000	-0.010
B.12.1	640	11.058	0.000	-43.479	-0.025	0.000	-0.018
B.12.1	637	-0.009	0.000	-18.656	-0.024	0.000	-0.000
B.12.1	641	16.709	0.000	-51.016	-0.022	0.000	-0.018
B.13.1	758	-0.154	0.000	-18.433	0.024	-0.001	0.000
B.13.1	753	21.762	0.000	-57.125	0.018	-0.001	0.015
B.13.1	750	29.478	0.000	-65.869	-0.000	-0.001	0.000
B.13.1	757	1.522	0.000	-26.472	0.027	-0.001	0.010
B.13.1	746	16.564	-0.000	-50.793	-0.022	-0.001	-0.018
B.13.1	754	16.564	0.000	-50.793	0.022	-0.001	0.018
B.13.1	751	28.563	0.000	-64.864	0.006	-0.001	0.006
B.13.1	744	5.583	-0.000	-34.964	-0.027	-0.001	-0.016
B.13.1	755	10.913	0.000	-43.255	0.025	-0.001	0.018
B.13.1	748	25.905	-0.000	-61.899	-0.012	-0.001	-0.011
B.13.1	756	5.583	0.000	-34.964	0.027	-0.001	0.016
B.13.1	743	1.522	-0.000	-26.472	-0.027	-0.001	-0.010
B.13.1	742	-0.154	-0.000	-18.433	-0.024	-0.001	-0.000
B.13.1	749	28.563	-0.000	-64.864	-0.006	-0.001	-0.006
B.13.1	747	21.762	-0.000	-57.125	-0.018	-0.001	-0.015
B.13.1	752	25.905	0.000	-61.899	0.012	-0.001	0.011
B.13.1	745	10.913	-0.000	-43.255	-0.025	-0.001	-0.018
B.14.1	885	25.754	0.000	-59.167	-0.012	-0.002	-0.011
B.14.1	881	5.433	0.000	-32.232	-0.027	-0.002	-0.016
B.14.1	886	28.412	0.000	-62.132	-0.006	-0.002	-0.006
B.14.1	879	-0.305	0.000	-15.702	-0.024	-0.002	-0.000
B.14.1	888	28.412	-0.000	-62.132	0.006	-0.002	0.006
B.14.1	889	25.754	-0.000	-59.167	0.012	-0.002	0.011
B.14.1	890	21.611	-0.000	-54.393	0.018	-0.002	0.015
B.14.1	891	16.413	-0.000	-48.061	0.022	-0.002	0.018
B.14.1	892	10.762	-0.000	-40.524	0.025	-0.002	0.018
B.14.1	893	5.433	-0.000	-32.232	0.027	-0.002	0.016
B.14.1	894	1.371	-0.000	-23.741	0.027	-0.002	0.010
B.14.1	887	29.326	0.000	-63.137	-0.000	-0.002	0.000
B.14.1	883	16.413	0.000	-48.061	-0.022	-0.002	-0.018
B.14.1	882	10.762	0.000	-40.524	-0.025	-0.002	-0.018
B.14.1	884	21.611	0.000	-54.393	-0.018	-0.002	-0.015
B.14.1	880	1.371	0.000	-23.741	-0.027	-0.002	-0.010
B.14.1	895	-0.305	-0.000	-15.702	0.024	-0.002	0.000
B.15.1	1031	1.301	0.000	-17.915	0.027	-0.004	0.010
B.15.1	1030	5.364	0.000	-26.403	0.027	-0.004	0.016
B.15.1	1017	1.301	-0.000	-17.915	-0.027	-0.004	-0.010
B.15.1	1026	25.687	0.000	-53.330	0.012	-0.004	0.011
B.15.1	1029	10.694	0.000	-34.692	0.025	-0.004	0.018
B.15.1	1023	28.345	-0.000	-56.294	-0.006	-0.004	-0.006
B.15.1	1027	21.544	0.000	-48.557	0.018	-0.004	0.015
B.15.1	1028	16.345	0.000	-42.227	0.022	-0.004	0.018
B.15.1	1024	29.260	0.000	-57.299	-0.000	-0.004	0.000
B.15.1	1020	16.345	-0.000	-42.227	-0.022	-0.004	-0.018
B.15.1	1022	25.687	-0.000	-53.330	-0.012	-0.004	-0.011
B.15.1	1025	28.345	0.000	-56.294	0.006	-0.004	0.006
B.15.1	1016	-0.375	-0.000	-9.879	-0.024	-0.004	-0.000
B.15.1	1018	5.364	-0.000	-26.403	-0.027	-0.004	-0.016
B.15.1	1019	10.694	-0.000	-34.692	-0.025	-0.004	-0.018
B.15.1	1032	-0.375	0.000	-9.879	0.024	-0.004	0.000
B.15.1	1021	21.544	-0.000	-48.557	-0.018	-0.004	-0.015
B.16.1	1131	29.473	0.000	-48.981	-0.000	-0.003	-0.000
B.16.1	1125	5.590	0.003	-18.609	-0.026	-0.003	-0.016
B.16.1	1128	21.761	0.001	-40.370	-0.018	-0.003	-0.015
B.16.1	1133	25.902	-0.001	-45.070	0.012	-0.003	0.011
B.16.1	1129	25.902	0.001	-45.070	-0.012	-0.003	-0.011
B.16.1	1132	28.559	-0.000	-47.991	0.006	-0.003	0.006
B.16.1	1134	21.761	-0.001	-40.370	0.018	-0.003	0.015
B.16.1	1127	16.565	0.002	-34.142	-0.022	-0.003	-0.018
B.16.1	1135	16.565	-0.002	-34.142	0.022	-0.003	0.018
B.16.1	1136	10.917	-0.002	-26.737	0.025	-0.003	0.018
B.16.1	1137	5.590	-0.003	-18.609	0.026	-0.003	0.016
B.16.1	1130	28.559	0.000	-47.991	-0.006	-0.003	-0.006
B.16.1	1126	10.917	0.002	-26.737	-0.025	-0.003	-0.018
B.16.1	1123	-0.139	0.004	-2.491	-0.023	-0.003	-0.000
B.16.1	1124	1.533	0.003	-10.309	-0.026	-0.003	-0.010
B.16.1	1138	1.533	-0.003	-10.309	0.026	-0.003	0.010
B.16.1	1139	-0.139	-0.004	-2.491	0.023	-0.003	0.000
B.17.1	1235	-0.000	-0.001	-0.012	-0.000	0.000	-0.000
B.17.1	1251	-0.000	0.001	-0.012	0.000	0.000	0.000
B.17.1	1246	0.458	0.000	-0.792	0.000	0.000	0.000
B.17.1	1250	0.036	0.001	-0.173	0.001	0.000	0.000
B.17.1	1236	0.036	-0.001	-0.173	-0.001	0.000	-0.000
B.17.1	1248	0.232	0.001	-0.511	0.001	0.000	0.000
B.17.1	1244	0.600	0.000	-0.949	0.000	0.000	0.000
B.17.1	1241	0.544	-0.000	-0.889	-0.000	0.000	-0.000
B.17.1	1237	0.121	-0.001	-0.343	-0.001	0.000	-0.000
B.17.1	1240	0.458	-0.000	-0.792	-0.000	0.000	-0.000
B.17.1	1249	0.121	0.001	-0.343	0.001	0.000	0.000
B.17.1	1239	0.350	-0.000	-0.664	-0.000	0.000	-0.000
B.17.1	1247	0.350	0.000	-0.664	0.000	0.000	0.000
B.17.1	1238	0.232	-0.001	-0.511	-0.001	0.000	-0.000
B.17.1	1242	0.600	-0.000	-0.949	-0.000	0.000	-0.000
B.17.1	1243	0.619	-0.000	-0.970	-0.000	0.000	-0.000
B.17.1	1245	0.544	0.000	-0.889	0.000	0.000	0.000
B.18.1	48	0.000	0.000	-0.000	-0.000	0.000	0.000
B.18.1	136	-1.129	-0.000	-3.537	-0.000	0.003	-0.000
B.18.1	109	-0.786	-0.000	-2.637	-0.000	0.003	-0.000
B.18.1	105	-0.630	-0.000	-2.218	-0.000	0.003	-0.000
B.18.1	91	-0.245	-0.000	-1.130	-0.000	0.002	0.000
B.18.1	85	-0.150	-0.000	-0.834	-0.000	0.002	0.000
B.18.1	81	-0.075	-0.000	-0.576	-0.000	0.002	0.000
B.18.1	101	-0.487	-0.000	-1.826	-0.000	0.003	0.000
B.18.1	164	-1.700	-0.000	-4.998	-0.000	0.004	-0.000
B.18.1	154	-1.504	-0.000	-4.500	-0.000	0.004	-0.000
B.18.1	115	-0.953	-0.000	-3.077	-0.000	0.003	-0.000
B.18.1	95	-0.358	-0.000	-1.462	-0.000	0.002	0.000
B.18.1	146	-1.314	-0.000	-4.012	-0.000	0.004	-0.000
B.18.1	172	-1.898	-0.000	-5.501	-0.000	0.004	-0.000
B.18.1	77	-0.020	-0.000	-0.361	-0.000	0.001	0.000
B.18.1	71	0.011	0.000	-0.191	-0.000	0.001	0.000
B.18.1	67	0.019	0.000	-0.069	-0.000	0.000	0.000
B.19.1	64	0.000	-0.000	-0.000	0.000	0.000	-0.000
B.19.1	110	-0.786	0.000	-2.637	0.000	0.003	0.000
B.19.1	165	-1.700	0.000	-4.998	0.000	0.004	0.000
B.19.1	68	0.019	-0.000	-0.069	0.000	0.000	-0.000
B.19.1	147	-1.314	0.000	-4.012	0.000	0.004	0.000
B.19.1	86	-0.150	0.000	-0.834	0.000	0.002	-0.000
B.19.1	78	-0.020	0.000	-0.361	0.000	0.001	-0.000
B.19.1	72	0.011	-0.000	-0.191	0.000	0.001	-0.000
B.19.1	92	-0.245	0.000	-1.130	0.000	0.002	-0.000
B.19.1	137	-1.129	0.000	-3.537	0.000	0.003	0.000
B.19.1	174	-1.898	0.000	-5.501	0.000	0.004	0.000
B.19.1	106	-0.630	0.000	-2.218	0.000	0.003	0.000
B.19.1	96	-0.358	0.000	-1.462	0.000	0.002	-0.000
B.19.1	82	-0.075	0.000	-0.576	0.000	0.002	-0.000
B.19.1	116	-0.953	0.000	-3.077	0.000	0.003	0.000
B.19.1	102	-0.487	0.000	-1.826	0.000	0.003	-0.000
B.19.1	155	-1.504	0.000	-4.500	0.000	0.004	0.000
B.20.1	386	-1.649	-0.000	-16.262	-0.000	0.002	-0.000
B.20.1	490	-0.972	-0.000	-18.169	-0.000	0.000	-0.000
B.20.1	428	-1.459	-0.000	-17.212	-0.000	0.001	-0.000
B.20.1	585	-0.227	-0.000	-18.183	-0.000	-0.000	-0.000
B.20.1	545	-0.683	-0.000	-18.255	-0.000	0.000	-0.000
B.20.1	446	-1.293	-0.000	-17.719	-0.000	0.001	-0.000
B.20.1	452	-1.233	-0.000	-17.850	-0.000	0.001	-0.000
B.20.1	525	-0.830	-0.000	-18.234	-0.000	0.000	-0.000
B.20.1	422	-1.510	-0.000	-17.004	-0.000	0.001	-0.000
B.20.1	410	-1.605	-0.000	-16.529	-0.000	0.002	-0.000
B.20.1	416	-1.558	-0.000	-16.776	-0.000	0.002	-0.000
B.20.1	515	-0.901	-0.000	-18.208	-0.000	0.000	-0.000
B.20.1	601	-0.000	-0.000	-18.154	-0.000	0.000	-0.000
B.20.1	458	-1.172	-0.000	-17.962	-0.000	0.001	-0.000
B.20.1	480	-1.040	-0.000	-18.116	-0.000	0.000	-0.000
B.20.1	555	-0.608	-0.000	-18.253	-0.000	-0.000	-0.000
B.20.1	470	-1.107	-0.000	-18.048	-0.000	0.001	-0.000
B.20.1	591	-0.151	-0.000	-18.169	-0.000	-0.000	-0.000
B.20.1	535	-0.757	-0.000	-18.249	-0.000	0.000	-0.000
B.20.1	573	-0.380	-0.000	-18.216	-0.000	-0.000	-0.000
B.20.1	440	-1.351	-0.000	-17.570	-0.000	0.001	-0.000
B.20.1	561	-0.533	-0.000	-18.245	-0.000	-0.000	-0.000
B.20.1	597	-0.075	-0.000	-18.158	-0.000	-0.000	-0.000
B.20.1	579	-0.304	-0.000	-18.199	-0.000	-0.000	-0.000
B.20.1	567	-0.457	-0.000	-18.232	-0.000	-0.000	-0.000
B.20.1	434	-1.406	-0.000	-17.401	-0.000	0.001	-0.000
B.20.1	172	-1.898	-0.000	-5.501	-0.000	0.004	-0.000
B.20.1	196	-1.915	-0.000	-7.743	-0.000	0.004	-0.000
B.20.1	220	-1.927	-0.000	-9.942	-0.000	0.004	-0.000
B.20.1	275	-1.928	-0.000	-10.995	-0.000	0.003	-0.000
B.20.1	208	-1.922	-0.000	-8.854	-0.000	0.004	-0.000
B.20.1	283	-1.926	-0.000	-11.506	-0.000	0.003	-0.000
B.20.1	248	-1.928	-0.000	-10.474	-0.000	0.004	-0.000
B.20.1	289	-1.923	-0.000	-12.003	-0.000	0.003	-0.000
B.20.1	184	-1.907	-0.000	-6.621	-0.000	0.004	-0.000
B.20.1	190	-1.911	-0.000	-7.182	-0.000	0.004	-0.000
B.20.1	214	-1.925	-0.000	-9.401	-0.000	0.004	-0.000
B.20.1	202	-1.919	-0.000	-8.300	-0.000	0.004	-0.000
B.20.1	178	-1.902	-0.000	-6.060	-0.000	0.004	-0.000
B.20.1	323	-1.865	-0.000	-14.241	-0.000	0.003	-0.000
B.20.1	337	-1.802	-0.000	-14.994	-0.000	0.002	-0.000
B.20.1	343	-1.767	-0.000	-15.341	-0.000	0.002	-0.000
B.20.1	309	-1.904	-0.000	-13.403	-0.000	0.003	-0.000
B.20.1	295	-1.919	-0.000	-12.486	-0.000	0.003	-0.000
B.20.1	303	-1.912	-0.000	-12.953	-0.000	0.003	-0.000
B.20.1	329	-1.835	-0.000	-14.627	-0.000	0.003	-0.000
B.20.1	351	-1.730	-0.000	-15.668	-0.000	0.002	-0.000
B.20.1	357	-1.691	-0.000	-15.975	-0.000	0.002	-0.000
B.20.1	315	-1.893	-0.000	-13.834	-0.000	0.003	-0.000
B.21.1	191	-1.911	0.000	-7.182	0.000	0.004	0.000
B.21.1	179	-1.902	0.000	-6.060	0.000	0.004	0.000
B.21.1	185	-1.907	0.000	-6.621	0.000	0.004	0.000
B.21.1	209	-1.922	0.000	-8.854	0.000	0.004	0.000
B.21.1	197	-1.915	0.000	-7.743	0.000	0.004	0.000
B.21.1	203	-1.919	0.000	-8.300	0.000	0.004	0.000
B.21.1	352	-1.730	0.000	-15.668	0.000	0.002	0.000
B.21.1	221	-1.927	0.000	-9.942	0.000	0.004	0.000
B.21.1	430	-1.459	0.000	-17.212	0.000	0.001	0.000
B.21.1	436	-1.406	0.000	-17.401	0.000	0.001	0.000
B.21.1	215	-1.925	0.000	-9.401	0.000	0.004	0.000
B.21.1	448	-1.293	0.000	-17.719	0.000	0.001	0.000
B.21.1	454	-1.233	0.000	-17.850	0.000	0.001	0.000
B.21.1	358	-1.691	0.000	-15.975	0.000	0.002	0.000
B.21.1	418	-1.558	0.000	-16.776	0.000	0.002	0.000
B.21.1	442	-1.351	0.000	-17.570	0.000	0.001	0.000
B.21.1	491	-0.972	0.000	-18.169	0.000	0.000	0.000
B.21.1	284	-1.926	0.000	-11.506	0.000	0.003	0.000
B.21.1	249	-1.928	0.000	-10.474	0.000	0.004	0.000
B.21.1	387	-1.649	0.000	-16.262	0.000	0.002	0.000
B.21.1	481	-1.040	0.000	-18.116	0.000	0.000	0.000
B.21.1	516	-0.901	0.000	-18.208	0.000	0.000	0.000
B.21.1	526	-0.830	0.000	-18.234	0.000	0.000	0.000
B.21.1	324	-1.865	0.000	-14.241	0.000	0.003	0.000
B.21.1	330	-1.835	0.000	-14.627	0.000	0.003	0.000
B.21.1	276	-1.928	0.000	-10.995	0.000	0.003	0.000
B.21.1	460	-1.172	0.000	-17.962	0.000	0.001	0.000
B.21.1	344	-1.767	0.000	-15.341	0.000	0.002	0.000
B.21.1	471	-1.107	0.000	-18.048	0.000	0.001	0.000
B.21.1	304	-1.912	0.000	-12.953	0.000	0.003	0.000
B.21.1	338	-1.802	0.000	-14.994	0.000	0.002	0.000
B.21.1	536	-0.757	0.000	-18.249	0.000	0.000	0.000
B.21.1	296	-1.919	0.000	-12.486	0.000	0.003	0.000
B.21.1	310	-1.904	0.000	-13.403	0.000	0.003	0.000
B.21.1	424	-1.510	0.000	-17.004	0.000	0.001	0.000
B.21.1	412	-1.605	0.000	-16.529	0.000	0.002	0.000
B.21.1	290	-1.923	0.000	-12.003	0.000	0.003	0.000
B.21.1	562	-0.533	0.000	-18.245	0.000	-0.000	0.000
B.21.1	603	-0.000	0.000	-18.154	0.000	0.000	0.000
B.21.1	592	-0.151	0.000	-18.169	0.000	-0.000	0.000
B.21.1	580	-0.304	0.000	-18.199	0.000	-0.000	0.000
B.21.1	598	-0.075	0.000	-18.158	0.000	-0.000	0.000
B.21.1	568	-0.457	0.000	-18.232	0.000	-0.000	0.000
B.21.1	586	-0.227	0.000	-18.183	0.000	-0.000	0.000
B.21.1	556	-0.608	0.000	-18.253	0.000	-0.000	0.000
B.21.1	574	-0.380	0.000	-18.216	0.000	-0.000	0.000
B.21.1	546	-0.683	0.000	-18.255	0.000	0.000	0.000
B.21.1	174	-1.898	0.000	-5.501	0.000	0.004	0.000
B.21.1	317	-1.893	0.000	-13.834	0.000	0.003	0.000
B.22.1	1184	-0.019	-0.000	-0.069	-0.000	-0.000	0.000
B.22.1	1172	0.020	-0.000	-0.360	-0.000	-0.001	0.000
B.22.1	1097	1.312	-0.000	-4.007	-0.000	-0.004	-0.000
B.22.1	1077	1.896	-0.000	-5.495	-0.000	-0.004	-0.000
B.22.1	1085	1.698	-0.000	-4.992	-0.000	-0.004	-0.000
B.22.1	1091	1.502	-0.000	-4.495	-0.000	-0.004	-0.000
B.22.1	1156	0.245	-0.000	-1.128	-0.000	-0.002	0.000
B.22.1	1150	0.357	-0.000	-1.459	-0.000	-0.002	0.000
B.22.1	1105	1.127	-0.000	-3.532	-0.000	-0.003	-0.000
B.22.1	1111	0.951	-0.000	-3.073	-0.000	-0.003	-0.000
B.22.1	1144	0.486	-0.000	-1.823	-0.000	-0.003	0.000
B.22.1	1117	0.784	-0.000	-2.633	-0.000	-0.003	-0.000
B.22.1	1166	0.075	-0.000	-0.575	-0.000	-0.002	0.000
B.22.1	1140	0.629	-0.000	-2.215	-0.000	-0.003	-0.000
B.22.1	1162	0.150	-0.000	-0.832	-0.000	-0.002	0.000
B.22.1	1178	-0.011	-0.000	-0.190	-0.000	-0.001	0.000
B.22.1	1188	-0.000	-0.000	-0.000	-0.000	-0.000	0.000
B.23.1	1079	1.896	0.000	-5.495	0.000	-0.004	0.000
B.23.1	1086	1.698	0.000	-4.992	0.000	-0.004	0.000
B.23.1	1098	1.312	0.000	-4.007	0.000	-0.004	0.000
B.23.1	1092	1.502	0.000	-4.495	0.000	-0.004	0.000
B.23.1	1106	1.127	0.000	-3.532	0.000	-0.003	0.000
B.23.1	1112	0.951	0.000	-3.073	0.000	-0.003	0.000
B.23.1	1173	0.020	0.000	-0.360	0.000	-0.001	-0.000
B.23.1	1157	0.245	0.000	-1.128	0.000	-0.002	-0.000
B.23.1	1151	0.357	0.000	-1.459	0.000	-0.002	-0.000
B.23.1	1179	-0.011	0.000	-0.190	0.000	-0.001	-0.000
B.23.1	1118	0.784	0.000	-2.633	0.000	-0.003	0.000
B.23.1	1141	0.629	0.000	-2.215	0.000	-0.003	0.000
B.23.1	1167	0.075	0.000	-0.575	0.000	-0.002	-0.000
B.23.1	1145	0.486	0.000	-1.823	0.000	-0.003	-0.000
B.23.1	1185	-0.019	0.000	-0.069	0.000	-0.000	-0.000
B.23.1	1163	0.150	0.000	-0.832	0.000	-0.002	-0.000
B.23.1	1204	-0.000	0.000	-0.000	0.000	-0.000	-0.000
B.24.1	863	1.690	-0.000	-15.977	-0.000	-0.002	-0.000
B.24.1	873	1.729	-0.000	-15.669	-0.000	-0.002	-0.000
B.24.1	827	1.509	-0.000	-17.008	-0.000	-0.001	-0.000
B.24.1	839	1.604	-0.000	-16.532	-0.000	-0.002	-0.000
B.24.1	851	1.648	-0.000	-16.264	-0.000	-0.002	-0.000
B.24.1	833	1.558	-0.000	-16.780	-0.000	-0.002	-0.000
B.24.1	821	1.459	-0.000	-17.216	-0.000	-0.001	-0.000
B.24.1	908	1.801	-0.000	-14.995	-0.000	-0.002	-0.000
B.24.1	916	1.833	-0.000	-14.627	-0.000	-0.003	-0.000
B.24.1	898	1.766	-0.000	-15.342	-0.000	-0.002	-0.000
B.24.1	926	1.864	-0.000	-14.240	-0.000	-0.003	-0.000
B.24.1	942	1.902	-0.000	-13.401	-0.000	-0.003	-0.000
B.24.1	1039	1.920	-0.000	-8.848	-0.000	-0.004	-0.000
B.24.1	1059	1.909	-0.000	-7.176	-0.000	-0.004	-0.000
B.24.1	1065	1.904	-0.000	-6.615	-0.000	-0.004	-0.000
B.24.1	960	1.921	-0.000	-11.999	-0.000	-0.003	-0.000
B.24.1	978	1.926	-0.000	-10.469	-0.000	-0.004	-0.000
B.24.1	1033	1.923	-0.000	-9.396	-0.000	-0.004	-0.000
B.24.1	984	1.925	-0.000	-9.937	-0.000	-0.004	-0.000
B.24.1	1045	1.917	-0.000	-8.294	-0.000	-0.004	-0.000
B.24.1	1053	1.913	-0.000	-7.737	-0.000	-0.004	-0.000
B.24.1	972	1.926	-0.000	-10.991	-0.000	-0.003	-0.000
B.24.1	954	1.917	-0.000	-12.483	-0.000	-0.003	-0.000
B.24.1	1071	1.900	-0.000	-6.054	-0.000	-0.004	-0.000
B.24.1	948	1.911	-0.000	-12.950	-0.000	-0.003	-0.000
B.24.1	966	1.924	-0.000	-11.502	-0.000	-0.003	-0.000
B.24.1	601	-0.000	-0.000	-18.154	-0.000	0.000	-0.000
B.24.1	1077	1.896	-0.000	-5.495	-0.000	-0.004	-0.000
B.24.1	690	0.533	-0.000	-18.248	-0.000	0.000	-0.000
B.24.1	726	0.902	-0.000	-18.213	-0.000	-0.000	-0.000
B.24.1	658	0.151	-0.000	-18.170	-0.000	0.000	-0.000
B.24.1	732	0.972	-0.000	-18.174	-0.000	-0.000	-0.000
B.24.1	740	1.040	-0.000	-18.121	-0.000	-0.000	-0.000
B.24.1	664	0.227	-0.000	-18.184	-0.000	0.000	-0.000
B.24.1	771	1.107	-0.000	-18.053	-0.000	-0.001	-0.000
B.24.1	791	1.172	-0.000	-17.967	-0.000	-0.001	-0.000
B.24.1	704	0.683	-0.000	-18.259	-0.000	-0.000	-0.000
B.24.1	712	0.757	-0.000	-18.254	-0.000	-0.000	-0.000
B.24.1	797	1.233	-0.000	-17.855	-0.000	-0.001	-0.000
B.24.1	635	0.075	-0.000	-18.159	-0.000	0.000	-0.000
B.24.1	684	0.457	-0.000	-18.235	-0.000	0.000	-0.000
B.24.1	696	0.608	-0.000	-18.257	-0.000	0.000	-0.000
B.24.1	670	0.304	-0.000	-18.201	-0.000	0.000	-0.000
B.24.1	678	0.380	-0.000	-18.219	-0.000	0.000	-0.000
B.24.1	718	0.830	-0.000	-18.239	-0.000	-0.000	-0.000
B.24.1	815	1.406	-0.000	-17.405	-0.000	-0.001	-0.000
B.24.1	809	1.350	-0.000	-17.574	-0.000	-0.001	-0.000
B.24.1	803	1.293	-0.000	-17.724	-0.000	-0.001	-0.000
B.24.1	934	1.892	-0.000	-13.833	-0.000	-0.003	-0.000
B.25.1	685	0.457	0.000	-18.235	0.000	0.000	0.000
B.25.1	659	0.151	0.000	-18.170	0.000	0.000	0.000
B.25.1	665	0.227	0.000	-18.184	0.000	0.000	0.000
B.25.1	671	0.304	0.000	-18.201	0.000	0.000	0.000
B.25.1	679	0.380	0.000	-18.219	0.000	0.000	0.000
B.25.1	636	0.075	0.000	-18.159	0.000	0.000	0.000
B.25.1	691	0.533	0.000	-18.248	0.000	0.000	0.000
B.25.1	705	0.683	0.000	-18.259	0.000	-0.000	0.000
B.25.1	805	1.293	0.000	-17.724	0.000	-0.001	0.000
B.25.1	816	1.406	0.000	-17.405	0.000	-0.001	0.000
B.25.1	799	1.233	0.000	-17.855	0.000	-0.001	0.000
B.25.1	822	1.459	0.000	-17.216	0.000	-0.001	0.000
B.25.1	828	1.509	0.000	-17.008	0.000	-0.001	0.000
B.25.1	713	0.757	0.000	-18.254	0.000	-0.000	0.000
B.25.1	727	0.902	0.000	-18.213	0.000	-0.000	0.000
B.25.1	741	1.040	0.000	-18.121	0.000	-0.000	0.000
B.25.1	811	1.350	0.000	-17.574	0.000	-0.001	0.000
B.25.1	772	1.107	0.000	-18.053	0.000	-0.001	0.000
B.25.1	793	1.172	0.000	-17.967	0.000	-0.001	0.000
B.25.1	733	0.972	0.000	-18.174	0.000	-0.000	0.000
B.25.1	697	0.608	0.000	-18.257	0.000	0.000	0.000
B.25.1	719	0.830	0.000	-18.239	0.000	-0.000	0.000
B.25.1	979	1.926	0.000	-10.469	0.000	-0.004	0.000
B.25.1	985	1.925	0.000	-9.937	0.000	-0.004	0.000
B.25.1	1034	1.923	0.000	-9.396	0.000	-0.004	0.000
B.25.1	961	1.921	0.000	-11.999	0.000	-0.003	0.000
B.25.1	899	1.766	0.000	-15.342	0.000	-0.002	0.000
B.25.1	1040	1.920	0.000	-8.848	0.000	-0.004	0.000
B.25.1	1046	1.917	0.000	-8.294	0.000	-0.004	0.000
B.25.1	834	1.558	0.000	-16.780	0.000	-0.002	0.000
B.25.1	864	1.690	0.000	-15.977	0.000	-0.002	0.000
B.25.1	874	1.729	0.000	-15.669	0.000	-0.002	0.000
B.25.1	852	1.648	0.000	-16.264	0.000	-0.002	0.000
B.25.1	943	1.902	0.000	-13.401	0.000	-0.003	0.000
B.25.1	841	1.604	0.000	-16.532	0.000	-0.002	0.000
B.25.1	909	1.801	0.000	-14.995	0.000	-0.002	0.000
B.25.1	917	1.833	0.000	-14.627	0.000	-0.003	0.000
B.25.1	973	1.926	0.000	-10.991	0.000	-0.003	0.000
B.25.1	927	1.864	0.000	-14.240	0.000	-0.003	0.000
B.25.1	949	1.911	0.000	-12.950	0.000	-0.003	0.000
B.25.1	955	1.917	0.000	-12.483	0.000	-0.003	0.000
B.25.1	967	1.924	0.000	-11.502	0.000	-0.003	0.000
B.25.1	1060	1.909	0.000	-7.176	0.000	-0.004	0.000
B.25.1	1066	1.904	0.000	-6.615	0.000	-0.004	0.000
B.25.1	1054	1.913	0.000	-7.737	0.000	-0.004	0.000
B.25.1	1072	1.900	0.000	-6.054	0.000	-0.004	0.000
B.25.1	1079	1.896	0.000	-5.495	0.000	-0.004	0.000
B.25.1	603	-0.000	0.000	-18.154	0.000	0.000	0.000
B.25.1	936	1.892	0.000	-13.833	0.000	-0.003	0.000
B.26.1	762	-0.157	0.006	-18.405	0.024	-0.001	0.000
B.26.1	774	-0.164	0.018	-18.332	0.024	-0.001	0.000
B.26.1	776	-0.166	0.020	-18.317	0.024	-0.001	0.000
B.26.1	778	-0.167	0.022	-18.301	0.024	-0.001	0.000
B.26.1	760	-0.156	0.003	-18.419	0.024	-0.001	0.000
B.26.1	764	-0.159	0.009	-18.391	0.024	-0.001	0.000
B.26.1	766	-0.160	0.011	-18.377	0.024	-0.001	0.000
B.26.1	768	-0.162	0.014	-18.362	0.024	-0.001	0.000
B.26.1	770	-0.163	0.016	-18.347	0.024	-0.001	0.000
B.26.1	786	-0.173	0.028	-18.237	0.024	-0.001	0.000
B.26.1	788	-0.174	0.029	-18.220	0.024	-0.001	0.000
B.26.1	784	-0.171	0.027	-18.253	0.024	-0.001	0.000
B.26.1	780	-0.169	0.024	-18.285	0.024	-0.001	0.000
B.26.1	782	-0.170	0.025	-18.269	0.024	-0.001	0.000
B.26.1	820	-0.236	0.005	-17.430	0.024	-0.001	-0.000
B.26.1	814	-0.223	0.019	-17.628	0.024	-0.001	-0.000
B.26.1	796	-0.184	0.035	-18.119	0.024	-0.001	0.000
B.26.1	800	-0.190	0.036	-18.047	0.024	-0.001	0.000
B.26.1	808	-0.210	0.029	-17.808	0.024	-0.001	-0.000
B.26.1	794	-0.177	0.031	-18.186	0.024	-0.001	0.000
B.26.1	812	-0.216	0.024	-17.720	0.024	-0.001	-0.000
B.26.1	824	-0.243	-0.002	-17.325	0.024	-0.001	-0.000
B.26.1	790	-0.176	0.030	-18.203	0.024	-0.001	0.000
B.26.1	818	-0.229	0.012	-17.531	0.024	-0.001	-0.000
B.26.1	802	-0.197	0.035	-17.972	0.024	-0.001	-0.000
B.26.1	806	-0.203	0.033	-17.892	0.024	-0.001	-0.000
B.26.1	826	-0.249	-0.009	-17.216	0.024	-0.001	-0.000
B.26.1	830	-0.256	-0.015	-17.102	0.024	-0.002	-0.000
B.26.1	832	-0.262	-0.021	-16.985	0.024	-0.002	-0.000
B.26.1	836	-0.269	-0.027	-16.864	0.024	-0.002	-0.000
B.26.1	838	-0.275	-0.031	-16.739	0.024	-0.002	-0.000
B.26.1	844	-0.283	-0.035	-16.560	0.024	-0.002	-0.000
B.26.1	846	-0.285	-0.036	-16.509	0.024	-0.002	-0.000
B.26.1	848	-0.286	-0.036	-16.458	0.024	-0.002	0.000
B.26.1	842	-0.282	-0.034	-16.611	0.024	-0.002	-0.000
B.26.1	850	-0.288	-0.036	-16.405	0.024	-0.002	0.000
B.26.1	856	-0.290	-0.034	-16.298	0.024	-0.002	0.000
B.26.1	862	-0.295	-0.029	-16.130	0.024	-0.002	0.000
B.26.1	866	-0.296	-0.027	-16.072	0.024	-0.002	0.000
B.26.1	854	-0.289	-0.035	-16.352	0.024	-0.002	0.000
B.26.1	860	-0.293	-0.032	-16.187	0.024	-0.002	0.000
B.26.1	858	-0.292	-0.033	-16.243	0.024	-0.002	0.000
B.26.1	870	-0.299	-0.020	-15.953	0.024	-0.002	0.000
B.26.1	872	-0.301	-0.016	-15.892	0.024	-0.002	0.000
B.26.1	905	-0.313	0.024	-15.318	0.024	-0.002	0.000
B.26.1	878	-0.304	-0.006	-15.766	0.024	-0.002	0.000
B.26.1	911	-0.316	0.031	-15.115	0.024	-0.002	0.000
B.26.1	868	-0.298	-0.024	-16.013	0.024	-0.002	0.000
B.26.1	903	-0.311	0.019	-15.417	0.024	-0.002	0.000
B.26.1	907	-0.314	0.028	-15.217	0.024	-0.002	0.000
B.26.1	901	-0.309	0.014	-15.514	0.024	-0.002	0.000
B.26.1	897	-0.307	0.007	-15.609	0.024	-0.002	0.000
B.26.1	913	-0.318	0.033	-15.010	0.024	-0.002	0.000
B.26.1	876	-0.302	-0.011	-15.830	0.024	-0.002	0.000
B.26.1	945	-0.345	0.008	-13.381	0.024	-0.003	-0.000
B.26.1	947	-0.348	0.001	-13.167	0.024	-0.003	-0.000
B.26.1	919	-0.322	0.035	-14.796	0.024	-0.003	0.000
B.26.1	915	-0.320	0.035	-14.904	0.024	-0.003	0.000
B.26.1	937	-0.335	0.026	-13.998	0.024	-0.003	-0.000
B.26.1	939	-0.338	0.021	-13.796	0.024	-0.003	-0.000
B.26.1	941	-0.342	0.015	-13.591	0.024	-0.003	-0.000
B.26.1	925	-0.328	0.034	-14.463	0.024	-0.003	-0.000
B.26.1	921	-0.324	0.036	-14.687	0.024	-0.003	0.000
B.26.1	933	-0.333	0.029	-14.116	0.024	-0.003	-0.000
B.26.1	929	-0.329	0.033	-14.349	0.024	-0.003	-0.000
B.26.1	923	-0.326	0.035	-14.575	0.024	-0.003	-0.000
B.26.1	931	-0.331	0.031	-14.233	0.024	-0.003	-0.000
B.26.1	953	-0.355	-0.013	-12.726	0.024	-0.003	-0.000
B.26.1	951	-0.352	-0.006	-12.949	0.024	-0.003	-0.000
B.26.1	983	-0.388	-0.017	-10.260	0.024	-0.004	0.000
B.26.1	991	-0.386	-0.014	-10.190	0.024	-0.004	0.000
B.26.1	981	-0.385	-0.026	-10.526	0.024	-0.004	0.000
B.26.1	957	-0.358	-0.019	-12.500	0.024	-0.003	-0.000
B.26.1	959	-0.362	-0.025	-12.268	0.024	-0.003	-0.000
B.26.1	963	-0.365	-0.030	-12.032	0.024	-0.003	-0.000
B.26.1	971	-0.375	-0.036	-11.298	0.024	-0.003	0.000
B.26.1	969	-0.372	-0.036	-11.547	0.024	-0.003	-0.000
B.26.1	975	-0.378	-0.035	-11.045	0.024	-0.003	0.000
B.26.1	977	-0.382	-0.031	-10.788	0.024	-0.004	0.000
B.26.1	987	-0.388	-0.016	-10.237	0.024	-0.004	0.000
B.26.1	965	-0.368	-0.033	-11.792	0.024	-0.003	-0.000
B.26.1	989	-0.387	-0.015	-10.213	0.024	-0.004	0.000
B.26.1	1007	-0.379	-0.006	-9.999	0.024	-0.004	0.000
B.26.1	1005	-0.380	-0.007	-10.023	0.024	-0.004	0.000
B.26.1	1009	-0.379	-0.005	-9.976	0.024	-0.004	0.000
B.26.1	993	-0.385	-0.013	-10.166	0.024	-0.004	0.000
B.26.1	995	-0.384	-0.012	-10.142	0.024	-0.004	0.000
B.26.1	997	-0.384	-0.011	-10.119	0.024	-0.004	0.000
B.26.1	999	-0.383	-0.010	-10.095	0.024	-0.004	0.000
B.26.1	1001	-0.382	-0.009	-10.071	0.024	-0.004	0.000
B.26.1	1003	-0.381	-0.008	-10.047	0.024	-0.004	0.000
B.26.1	1013	-0.377	-0.002	-9.928	0.024	-0.004	0.000
B.26.1	1011	-0.378	-0.003	-9.952	0.024	-0.004	0.000
B.26.1	737	-0.144	-0.018	-18.502	0.024	-0.001	0.000
B.26.1	729	-0.129	-0.033	-18.583	0.024	-0.000	0.000
B.26.1	731	-0.134	-0.030	-18.559	0.024	-0.001	0.000
B.26.1	735	-0.139	-0.025	-18.532	0.024	-0.001	0.000
B.26.1	739	-0.149	-0.010	-18.469	0.024	-0.001	0.000
B.26.1	346	0.307	-0.036	-15.527	0.024	0.002	0.000
B.26.1	391	0.287	0.013	-16.415	0.024	0.002	0.000
B.26.1	393	0.286	0.015	-16.437	0.024	0.002	0.000
B.26.1	379	0.290	0.002	-16.305	0.024	0.002	0.000
B.26.1	360	0.293	-0.011	-16.165	0.024	0.002	0.000
B.26.1	395	0.286	0.017	-16.458	0.024	0.002	0.000
B.26.1	356	0.296	-0.019	-16.045	0.024	0.002	0.000
B.26.1	348	0.304	-0.034	-15.662	0.024	0.002	0.000
B.26.1	354	0.299	-0.026	-15.921	0.024	0.002	0.000
B.26.1	389	0.288	0.011	-16.393	0.024	0.002	0.000
B.26.1	342	0.310	-0.036	-15.388	0.024	0.002	0.000
B.26.1	381	0.289	0.005	-16.327	0.024	0.002	0.000
B.26.1	350	0.301	-0.031	-15.793	0.024	0.002	0.000
B.26.1	383	0.289	0.007	-16.349	0.024	0.002	0.000
B.26.1	385	0.288	0.009	-16.371	0.024	0.002	0.000
B.26.1	415	0.274	0.033	-16.751	0.024	0.002	0.000
B.26.1	419	0.268	0.036	-16.875	0.024	0.002	0.000
B.26.1	431	0.242	0.027	-17.328	0.024	0.001	-0.000
B.26.1	433	0.235	0.022	-17.430	0.024	0.001	-0.000
B.26.1	407	0.282	0.026	-16.583	0.024	0.002	0.000
B.26.1	401	0.284	0.022	-16.521	0.024	0.002	0.000
B.26.1	409	0.282	0.027	-16.604	0.024	0.002	0.000
B.26.1	403	0.283	0.023	-16.542	0.024	0.002	0.000
B.26.1	397	0.285	0.019	-16.479	0.024	0.002	0.000
B.26.1	413	0.281	0.028	-16.624	0.024	0.002	0.000
B.26.1	399	0.285	0.020	-16.500	0.024	0.002	0.000
B.26.1	421	0.261	0.036	-16.994	0.024	0.002	0.000
B.26.1	425	0.255	0.035	-17.110	0.024	0.002	-0.000
B.26.1	427	0.248	0.032	-17.221	0.024	0.001	-0.000
B.26.1	405	0.283	0.025	-16.563	0.024	0.002	0.000
B.26.1	455	0.190	-0.024	-18.030	0.024	0.001	-0.000
B.26.1	457	0.183	-0.029	-18.100	0.024	0.001	-0.000
B.26.1	467	0.167	-0.036	-18.272	0.024	0.001	-0.000
B.26.1	461	0.177	-0.033	-18.166	0.024	0.001	-0.000
B.26.1	475	0.158	-0.035	-18.369	0.024	0.001	0.000
B.26.1	473	0.161	-0.036	-18.337	0.024	0.001	0.000
B.26.1	477	0.155	-0.034	-18.399	0.024	0.001	0.000
B.26.1	465	0.170	-0.035	-18.237	0.024	0.001	-0.000
B.26.1	479	0.152	-0.033	-18.429	0.024	0.001	0.000
B.26.1	469	0.164	-0.036	-18.305	0.024	0.001	0.000
B.26.1	449	0.203	-0.011	-17.879	0.024	0.001	-0.000
B.26.1	451	0.196	-0.018	-17.957	0.024	0.001	-0.000
B.26.1	437	0.229	0.016	-17.528	0.024	0.001	-0.000
B.26.1	463	0.174	-0.034	-18.202	0.024	0.001	-0.000
B.26.1	439	0.222	0.010	-17.622	0.024	0.001	-0.000
B.26.1	443	0.216	0.003	-17.712	0.024	0.001	-0.000
B.26.1	445	0.209	-0.004	-17.798	0.024	0.001	-0.000
B.26.1	489	0.140	-0.021	-18.536	0.024	0.001	0.000
B.26.1	520	0.120	0.013	-18.649	0.024	0.000	0.000
B.26.1	522	0.117	0.018	-18.660	0.024	0.000	0.000
B.26.1	524	0.113	0.023	-18.669	0.024	0.000	0.000
B.26.1	528	0.110	0.027	-18.677	0.024	0.000	0.000
B.26.1	530	0.107	0.030	-18.683	0.024	0.000	0.000
B.26.1	495	0.133	-0.012	-18.582	0.024	0.001	0.000
B.26.1	532	0.103	0.032	-18.688	0.024	0.000	0.000
B.26.1	497	0.130	-0.006	-18.604	0.024	0.001	0.000
B.26.1	487	0.143	-0.025	-18.511	0.024	0.001	0.000
B.26.1	493	0.136	-0.017	-18.560	0.024	0.001	0.000
B.26.1	534	0.100	0.034	-18.693	0.024	0.000	0.000
B.26.1	483	0.149	-0.031	-18.457	0.024	0.001	0.000
B.26.1	485	0.146	-0.028	-18.485	0.024	0.001	0.000
B.26.1	518	0.124	0.007	-18.637	0.024	0.000	0.000
B.26.1	570	0.050	-0.001	-18.691	0.024	-0.000	-0.000
B.26.1	542	0.089	0.036	-18.698	0.024	0.000	0.000
B.26.1	550	0.079	0.033	-18.696	0.024	0.000	-0.000
B.26.1	548	0.083	0.035	-18.698	0.024	0.000	-0.000
B.26.1	552	0.076	0.032	-18.694	0.024	0.000	-0.000
B.26.1	558	0.068	0.025	-18.694	0.024	0.000	-0.000
B.26.1	560	0.063	0.019	-18.696	0.024	0.000	-0.000
B.26.1	538	0.096	0.035	-18.695	0.024	0.000	0.000
B.26.1	554	0.072	0.030	-18.691	0.024	0.000	-0.000
B.26.1	544	0.086	0.035	-18.698	0.024	0.000	-0.000
B.26.1	564	0.059	0.013	-18.696	0.024	0.000	-0.000
B.26.1	540	0.093	0.036	-18.697	0.024	0.000	0.000
B.26.1	566	0.054	0.006	-18.694	0.024	0.000	-0.000
B.26.1	572	0.045	-0.008	-18.686	0.024	-0.000	-0.000
B.26.1	600	0.004	-0.029	-18.615	0.024	0.000	0.000
B.26.1	608	-0.001	-0.020	-18.614	0.024	0.000	0.000
B.26.1	610	-0.002	-0.019	-18.617	0.024	0.000	0.000
B.26.1	612	-0.002	-0.018	-18.620	0.024	0.000	0.000
B.26.1	614	-0.003	-0.017	-18.623	0.024	0.000	0.000
B.26.1	604	-0.000	-0.023	-18.608	0.024	0.000	0.000
B.26.1	582	0.032	-0.027	-18.665	0.024	-0.000	-0.000
B.26.1	590	0.018	-0.036	-18.639	0.024	-0.000	-0.000
B.26.1	594	0.013	-0.036	-18.630	0.024	-0.000	0.000
B.26.1	596	0.009	-0.034	-18.622	0.024	-0.000	0.000
B.26.1	606	-0.001	-0.022	-18.611	0.024	0.000	0.000
B.26.1	588	0.023	-0.034	-18.648	0.024	-0.000	-0.000
B.26.1	578	0.036	-0.021	-18.673	0.024	-0.000	-0.000
B.26.1	576	0.041	-0.015	-18.680	0.024	-0.000	-0.000
B.26.1	584	0.027	-0.031	-18.657	0.024	-0.000	-0.000
B.26.1	616	-0.004	-0.016	-18.626	0.024	0.000	0.000
B.26.1	618	-0.004	-0.014	-18.629	0.024	0.000	0.000
B.26.1	626	-0.007	-0.008	-18.641	0.024	0.000	0.000
B.26.1	624	-0.006	-0.010	-18.638	0.024	0.000	0.000
B.26.1	628	-0.007	-0.007	-18.644	0.024	0.000	0.000
B.26.1	630	-0.008	-0.005	-18.647	0.024	0.000	0.000
B.26.1	632	-0.008	-0.004	-18.650	0.024	0.000	0.000
B.26.1	634	-0.009	-0.002	-18.653	0.024	0.000	0.000
B.26.1	620	-0.005	-0.013	-18.632	0.024	0.000	0.000
B.26.1	622	-0.005	-0.011	-18.635	0.024	0.000	0.000
B.26.1	661	-0.021	0.027	-18.680	0.024	0.000	0.000
B.26.1	657	-0.017	0.020	-18.673	0.024	0.000	0.000
B.26.1	655	-0.013	0.011	-18.665	0.024	0.000	0.000
B.26.1	711	-0.098	-0.029	-18.669	0.024	-0.000	-0.000
B.26.1	715	-0.103	-0.032	-18.661	0.024	-0.000	-0.000
B.26.1	709	-0.093	-0.025	-18.676	0.024	-0.000	-0.000
B.26.1	717	-0.108	-0.034	-18.650	0.024	-0.000	-0.000
B.26.1	721	-0.114	-0.036	-18.637	0.024	-0.000	-0.000
B.26.1	677	-0.045	0.032	-18.708	0.024	-0.000	-0.000
B.26.1	725	-0.124	-0.035	-18.603	0.024	-0.000	0.000
B.26.1	687	-0.057	0.019	-18.706	0.024	-0.000	-0.000
B.26.1	701	-0.078	-0.010	-18.685	0.024	-0.000	-0.000
B.26.1	723	-0.119	-0.036	-18.622	0.024	-0.000	0.000
B.26.1	695	-0.069	0.001	-18.692	0.024	-0.000	-0.000
B.26.1	699	-0.073	-0.005	-18.685	0.024	-0.000	-0.000
B.26.1	689	-0.061	0.013	-18.703	0.024	-0.000	-0.000
B.26.1	681	-0.049	0.028	-18.708	0.024	-0.000	-0.000
B.26.1	669	-0.033	0.036	-18.698	0.024	0.000	0.000
B.26.1	673	-0.037	0.036	-18.702	0.024	0.000	-0.000
B.26.1	675	-0.041	0.034	-18.706	0.024	0.000	-0.000
B.26.1	683	-0.053	0.024	-18.708	0.024	-0.000	-0.000
B.26.1	667	-0.029	0.034	-18.693	0.024	0.000	0.000
B.26.1	703	-0.083	-0.016	-18.683	0.024	-0.000	-0.000
B.26.1	693	-0.065	0.007	-18.698	0.024	-0.000	-0.000
B.26.1	707	-0.088	-0.020	-18.680	0.024	-0.000	-0.000
B.26.1	663	-0.025	0.031	-18.687	0.024	0.000	0.000
B.26.1	80	0.055	-0.021	-0.543	0.007	0.002	-0.000
B.26.1	76	0.044	-0.015	-0.378	0.006	0.001	-0.000
B.26.1	70	0.022	-0.005	-0.130	0.003	0.001	-0.000
B.26.1	84	0.066	-0.028	-0.731	0.009	0.002	-0.000
B.26.1	66	0.011	-0.002	-0.049	0.001	0.000	-0.000
B.26.1	74	0.033	-0.010	-0.240	0.004	0.001	-0.000
B.26.1	90	0.088	-0.038	-1.171	0.012	0.002	-0.000
B.26.1	94	0.098	-0.042	-1.419	0.013	0.003	-0.000
B.26.1	88	0.077	-0.033	-0.941	0.010	0.002	-0.000
B.26.1	104	0.131	-0.042	-2.256	0.018	0.003	0.000
B.26.1	98	0.109	-0.044	-1.684	0.015	0.003	-0.000
B.26.1	139	0.184	0.011	-3.777	0.023	0.004	0.000
B.26.1	141	0.188	0.017	-3.905	0.023	0.004	0.000
B.26.1	100	0.120	-0.045	-1.964	0.016	0.003	0.000
B.26.1	114	0.164	-0.017	-3.196	0.022	0.003	0.000
B.26.1	143	0.192	0.021	-4.033	0.023	0.004	0.000
B.26.1	112	0.153	-0.029	-2.874	0.020	0.003	0.000
B.26.1	135	0.179	0.005	-3.651	0.023	0.003	0.000
B.26.1	145	0.197	0.025	-4.162	0.023	0.004	0.000
B.26.1	108	0.142	-0.037	-2.561	0.019	0.003	0.000
B.26.1	149	0.201	0.029	-4.291	0.023	0.004	0.000
B.26.1	159	0.219	0.036	-4.816	0.023	0.004	0.000
B.26.1	151	0.206	0.031	-4.421	0.023	0.004	0.000
B.26.1	177	0.254	0.029	-5.914	0.024	0.004	-0.000
B.26.1	157	0.214	0.035	-4.684	0.023	0.004	0.000
B.26.1	153	0.210	0.034	-4.552	0.023	0.004	0.000
B.26.1	167	0.232	0.037	-5.217	0.024	0.004	-0.000
B.26.1	175	0.245	0.033	-5.623	0.024	0.004	-0.000
B.26.1	181	0.263	0.024	-6.206	0.024	0.004	-0.000
B.26.1	187	0.280	0.012	-6.795	0.024	0.004	-0.000
B.26.1	189	0.289	0.005	-7.091	0.024	0.004	-0.000
B.26.1	171	0.240	0.035	-5.487	0.024	0.004	-0.000
B.26.1	183	0.272	0.018	-6.500	0.024	0.004	-0.000
B.26.1	163	0.227	0.037	-5.083	0.024	0.004	0.000
B.26.1	161	0.223	0.037	-4.949	0.024	0.004	0.000
B.26.1	169	0.236	0.036	-5.352	0.024	0.004	-0.000
B.26.1	193	0.298	-0.002	-7.387	0.024	0.004	-0.000
B.26.1	211	0.352	-0.034	-9.139	0.024	0.004	-0.000
B.26.1	199	0.316	-0.016	-7.976	0.024	0.004	-0.000
B.26.1	233	0.385	-0.020	-10.495	0.024	0.004	0.000
B.26.1	195	0.307	-0.009	-7.682	0.024	0.004	-0.000
B.26.1	207	0.343	-0.031	-8.851	0.024	0.004	-0.000
B.26.1	217	0.370	-0.034	-9.707	0.024	0.004	0.000
B.26.1	219	0.379	-0.031	-9.986	0.024	0.004	0.000
B.26.1	213	0.361	-0.035	-9.424	0.024	0.004	0.000
B.26.1	201	0.325	-0.022	-8.270	0.024	0.004	-0.000
B.26.1	231	0.385	-0.022	-10.449	0.024	0.004	0.000
B.26.1	205	0.334	-0.027	-8.562	0.024	0.004	-0.000
B.26.1	223	0.388	-0.026	-10.261	0.024	0.004	0.000
B.26.1	225	0.387	-0.025	-10.308	0.024	0.004	0.000
B.26.1	227	0.386	-0.024	-10.355	0.024	0.004	0.000
B.26.1	235	0.384	-0.019	-10.542	0.024	0.004	0.000
B.26.1	229	0.386	-0.023	-10.402	0.024	0.004	0.000
B.26.1	245	0.381	-0.010	-10.772	0.024	0.004	0.000
B.26.1	253	0.380	-0.004	-10.909	0.024	0.004	0.000
B.26.1	280	0.370	0.026	-11.629	0.024	0.003	0.000
B.26.1	274	0.376	0.011	-11.213	0.024	0.003	0.000
B.26.1	255	0.379	-0.002	-10.954	0.024	0.004	0.000
B.26.1	251	0.380	-0.006	-10.863	0.024	0.004	0.000
B.26.1	278	0.373	0.019	-11.423	0.024	0.003	0.000
B.26.1	241	0.383	-0.014	-10.680	0.024	0.004	0.000
B.26.1	282	0.368	0.031	-11.831	0.024	0.003	0.000
B.26.1	286	0.365	0.034	-12.030	0.024	0.003	0.000
B.26.1	239	0.383	-0.016	-10.634	0.024	0.004	0.000
B.26.1	247	0.381	-0.008	-10.818	0.024	0.004	0.000
B.26.1	237	0.384	-0.017	-10.588	0.024	0.004	0.000
B.26.1	243	0.382	-0.012	-10.726	0.024	0.004	0.000
B.26.1	288	0.362	0.035	-12.225	0.024	0.003	0.000
B.26.1	314	0.337	0.005	-13.830	0.024	0.003	-0.000
B.26.1	326	0.326	-0.018	-14.486	0.024	0.003	-0.000
B.26.1	332	0.321	-0.027	-14.800	0.024	0.003	-0.000
B.26.1	328	0.323	-0.023	-14.644	0.024	0.003	-0.000
B.26.1	320	0.332	-0.007	-14.160	0.024	0.003	-0.000
B.26.1	298	0.354	0.033	-12.790	0.024	0.003	-0.000
B.26.1	306	0.345	0.021	-13.324	0.024	0.003	-0.000
B.26.1	308	0.343	0.016	-13.496	0.024	0.003	-0.000
B.26.1	312	0.340	0.010	-13.665	0.024	0.003	-0.000
B.26.1	302	0.348	0.026	-13.149	0.024	0.003	-0.000
B.26.1	294	0.356	0.035	-12.605	0.024	0.003	-0.000
B.26.1	292	0.359	0.036	-12.417	0.024	0.003	0.000
B.26.1	300	0.351	0.029	-12.971	0.024	0.003	-0.000
B.26.1	318	0.334	-0.001	-13.994	0.024	0.003	-0.000
B.26.1	322	0.329	-0.013	-14.325	0.024	0.003	-0.000
B.26.1	334	0.318	-0.031	-14.952	0.024	0.002	-0.000
B.26.1	340	0.312	-0.035	-15.246	0.024	0.002	-0.000
B.26.1	336	0.315	-0.034	-15.101	0.024	0.002	-0.000
B.26.1	1204	-0.000	0.000	-0.000	0.000	-0.000	-0.000
B.26.1	64	0.000	-0.000	-0.000	0.000	0.000	-0.000
B.26.1	133	0.175	-0.001	-3.525	0.023	0.003	0.000
B.26.1	377	0.291	-0.000	-16.282	0.024	0.002	0.000
B.26.1	272	0.379	0.000	-10.999	0.024	0.004	0.000
B.26.1	514	0.127	0.000	-18.624	0.024	0.000	0.000
B.26.1	653	-0.009	-0.000	-18.656	0.024	0.000	0.000
B.26.1	758	-0.154	0.000	-18.433	0.024	-0.001	0.000
B.26.1	895	-0.305	-0.000	-15.702	0.024	-0.002	0.000
B.26.1	1032	-0.375	0.000	-9.879	0.024	-0.004	0.000
B.26.1	1139	-0.139	-0.004	-2.491	0.023	-0.003	0.000
B.26.1	1114	-0.165	-0.030	-3.215	0.023	-0.003	0.000
B.26.1	1088	-0.225	-0.021	-4.988	0.023	-0.004	-0.000
B.26.1	1116	-0.159	-0.025	-3.030	0.023	-0.003	0.000
B.26.1	1038	-0.359	0.021	-9.369	0.024	-0.004	0.000
B.26.1	1070	-0.270	0.013	-6.420	0.024	-0.004	-0.000
B.26.1	1108	-0.179	-0.034	-3.593	0.023	-0.003	0.000
B.26.1	1120	-0.152	-0.020	-2.847	0.023	-0.003	0.000
B.26.1	1048	-0.335	0.036	-8.582	0.024	-0.004	0.000
B.26.1	1082	-0.239	-0.011	-5.403	0.024	-0.004	-0.000
B.26.1	1064	-0.286	0.024	-6.963	0.024	-0.004	-0.000
B.26.1	1080	-0.245	-0.006	-5.613	0.024	-0.004	-0.000
B.26.1	1074	-0.262	0.007	-6.150	0.024	-0.004	-0.000
B.26.1	1042	-0.351	0.028	-9.110	0.024	-0.004	0.000
B.26.1	1058	-0.302	0.033	-7.506	0.024	-0.004	-0.000
B.26.1	1062	-0.294	0.029	-7.235	0.024	-0.004	-0.000
B.26.1	1036	-0.367	0.012	-9.626	0.024	-0.004	0.000
B.26.1	1084	-0.232	-0.016	-5.195	0.024	-0.004	-0.000
B.26.1	1096	-0.205	-0.031	-4.378	0.023	-0.004	-0.000
B.26.1	1100	-0.199	-0.033	-4.179	0.023	-0.004	-0.000
B.26.1	1090	-0.219	-0.025	-4.783	0.023	-0.004	-0.000
B.26.1	1102	-0.192	-0.035	-3.981	0.023	-0.004	-0.000
B.26.1	1050	-0.327	0.038	-8.316	0.024	-0.004	0.000
B.26.1	1076	-0.254	0.000	-5.881	0.024	-0.004	-0.000
B.26.1	1015	-0.376	-0.001	-9.904	0.024	-0.004	0.000
B.26.1	1052	-0.319	0.037	-8.047	0.024	-0.004	-0.000
B.26.1	1056	-0.310	0.036	-7.777	0.024	-0.004	-0.000
B.26.1	1068	-0.278	0.019	-6.691	0.024	-0.004	-0.000
B.26.1	1094	-0.212	-0.028	-4.579	0.023	-0.004	-0.000
B.26.1	1104	-0.185	-0.035	-3.786	0.023	-0.003	0.000
B.26.1	1110	-0.172	-0.033	-3.403	0.023	-0.003	0.000
B.26.1	1044	-0.343	0.033	-8.847	0.024	-0.004	0.000
B.26.1	1175	-0.043	0.014	-0.387	0.007	-0.001	-0.000
B.26.1	1147	-0.121	0.016	-2.023	0.020	-0.003	0.000
B.26.1	1169	-0.061	0.022	-0.663	0.010	-0.002	-0.000
B.26.1	1177	-0.035	0.010	-0.273	0.006	-0.001	-0.000
B.26.1	1159	-0.087	0.028	-1.181	0.015	-0.002	0.000
B.26.1	1171	-0.052	0.018	-0.518	0.009	-0.002	-0.000
B.26.1	1165	-0.069	0.025	-0.823	0.012	-0.002	-0.000
B.26.1	1155	-0.095	0.027	-1.377	0.016	-0.003	0.000
B.26.1	1187	-0.009	0.001	-0.038	0.001	-0.000	-0.000
B.26.1	1181	-0.026	0.007	-0.176	0.004	-0.001	-0.000
B.26.1	1153	-0.104	0.026	-1.584	0.017	-0.003	0.000
B.26.1	1143	-0.130	0.007	-2.254	0.022	-0.003	0.000
B.26.1	1122	-0.145	-0.012	-2.668	0.023	-0.003	0.000
B.26.1	1149	-0.113	0.022	-1.799	0.019	-0.003	0.000
B.26.1	1183	-0.017	0.004	-0.097	0.003	-0.001	-0.000
B.26.1	1161	-0.078	0.027	-0.996	0.013	-0.002	-0.000
B.27.1	48	0.000	0.000	-0.000	-0.000	0.000	0.000
B.27.1	1188	-0.000	-0.000	-0.000	-0.000	-0.000	0.000
B.27.1	117	0.175	0.001	-3.525	-0.023	0.003	-0.000
B.27.1	256	0.379	-0.000	-10.999	-0.024	0.004	-0.000
B.27.1	498	0.127	-0.000	-18.624	-0.024	0.000	-0.000
B.27.1	361	0.291	0.000	-16.282	-0.024	0.002	-0.000
B.27.1	637	-0.009	0.000	-18.656	-0.024	0.000	-0.000
B.27.1	879	-0.305	0.000	-15.702	-0.024	-0.002	-0.000
B.27.1	742	-0.154	-0.000	-18.433	-0.024	-0.001	-0.000
B.27.1	1016	-0.375	-0.000	-9.879	-0.024	-0.004	-0.000
B.27.1	1123	-0.139	0.004	-2.491	-0.023	-0.003	-0.000
B.27.1	69	0.022	0.005	-0.130	-0.003	0.001	0.000
B.27.1	83	0.066	0.028	-0.731	-0.009	0.002	0.000
B.27.1	79	0.055	0.021	-0.543	-0.007	0.002	0.000
B.27.1	87	0.077	0.033	-0.941	-0.010	0.002	0.000
B.27.1	89	0.088	0.038	-1.171	-0.012	0.002	0.000
B.27.1	97	0.109	0.044	-1.684	-0.015	0.003	0.000
B.27.1	111	0.153	0.029	-2.874	-0.020	0.003	-0.000
B.27.1	65	0.011	0.002	-0.049	-0.001	0.000	0.000
B.27.1	93	0.098	0.042	-1.419	-0.013	0.003	0.000
B.27.1	107	0.142	0.037	-2.561	-0.019	0.003	-0.000
B.27.1	73	0.033	0.010	-0.240	-0.004	0.001	0.000
B.27.1	75	0.044	0.015	-0.378	-0.006	0.001	0.000
B.27.1	99	0.120	0.045	-1.964	-0.016	0.003	-0.000
B.27.1	103	0.131	0.042	-2.256	-0.018	0.003	-0.000
B.27.1	142	0.192	-0.021	-4.033	-0.023	0.004	-0.000
B.27.1	160	0.223	-0.037	-4.949	-0.024	0.004	-0.000
B.27.1	158	0.219	-0.036	-4.816	-0.023	0.004	-0.000
B.27.1	166	0.232	-0.037	-5.217	-0.024	0.004	0.000
B.27.1	168	0.236	-0.036	-5.352	-0.024	0.004	0.000
B.27.1	180	0.263	-0.024	-6.206	-0.024	0.004	0.000
B.27.1	182	0.272	-0.018	-6.500	-0.024	0.004	0.000
B.27.1	144	0.197	-0.025	-4.162	-0.023	0.004	-0.000
B.27.1	152	0.210	-0.034	-4.552	-0.023	0.004	-0.000
B.27.1	162	0.227	-0.037	-5.083	-0.024	0.004	-0.000
B.27.1	188	0.289	-0.005	-7.091	-0.024	0.004	0.000
B.27.1	192	0.298	0.002	-7.387	-0.024	0.004	0.000
B.27.1	198	0.316	0.016	-7.976	-0.024	0.004	0.000
B.27.1	113	0.164	0.017	-3.196	-0.022	0.003	-0.000
B.27.1	148	0.201	-0.029	-4.291	-0.023	0.004	-0.000
B.27.1	176	0.254	-0.029	-5.914	-0.024	0.004	0.000
B.27.1	186	0.280	-0.012	-6.795	-0.024	0.004	0.000
B.27.1	204	0.334	0.027	-8.562	-0.024	0.004	0.000
B.27.1	140	0.188	-0.017	-3.905	-0.023	0.004	-0.000
B.27.1	170	0.240	-0.035	-5.487	-0.024	0.004	0.000
B.27.1	200	0.325	0.022	-8.270	-0.024	0.004	0.000
B.27.1	206	0.343	0.031	-8.851	-0.024	0.004	0.000
B.27.1	212	0.361	0.035	-9.424	-0.024	0.004	-0.000
B.27.1	210	0.352	0.034	-9.139	-0.024	0.004	0.000
B.27.1	138	0.184	-0.011	-3.777	-0.023	0.004	-0.000
B.27.1	194	0.307	0.009	-7.682	-0.024	0.004	0.000
B.27.1	173	0.245	-0.033	-5.623	-0.024	0.004	0.000
B.27.1	216	0.370	0.034	-9.707	-0.024	0.004	-0.000
B.27.1	156	0.214	-0.035	-4.684	-0.023	0.004	-0.000
B.27.1	134	0.179	-0.005	-3.651	-0.023	0.003	-0.000
B.27.1	150	0.206	-0.031	-4.421	-0.023	0.004	-0.000
B.27.1	236	0.384	0.017	-10.588	-0.024	0.004	-0.000
B.27.1	252	0.380	0.004	-10.909	-0.024	0.004	-0.000
B.27.1	250	0.380	0.006	-10.863	-0.024	0.004	-0.000
B.27.1	285	0.365	-0.034	-12.030	-0.024	0.003	-0.000
B.27.1	287	0.362	-0.035	-12.225	-0.024	0.003	-0.000
B.27.1	218	0.379	0.031	-9.986	-0.024	0.004	-0.000
B.27.1	238	0.383	0.016	-10.634	-0.024	0.004	-0.000
B.27.1	244	0.381	0.010	-10.772	-0.024	0.004	-0.000
B.27.1	254	0.379	0.002	-10.954	-0.024	0.004	-0.000
B.27.1	293	0.356	-0.035	-12.605	-0.024	0.003	0.000
B.27.1	297	0.354	-0.033	-12.790	-0.024	0.003	0.000
B.27.1	240	0.383	0.014	-10.680	-0.024	0.004	-0.000
B.27.1	301	0.348	-0.026	-13.149	-0.024	0.003	0.000
B.27.1	222	0.388	0.026	-10.261	-0.024	0.004	-0.000
B.27.1	281	0.368	-0.031	-11.831	-0.024	0.003	-0.000
B.27.1	228	0.386	0.023	-10.402	-0.024	0.004	-0.000
B.27.1	234	0.384	0.019	-10.542	-0.024	0.004	-0.000
B.27.1	279	0.370	-0.026	-11.629	-0.024	0.003	-0.000
B.27.1	291	0.359	-0.036	-12.417	-0.024	0.003	-0.000
B.27.1	305	0.345	-0.021	-13.324	-0.024	0.003	0.000
B.27.1	307	0.343	-0.016	-13.496	-0.024	0.003	0.000
B.27.1	277	0.373	-0.019	-11.423	-0.024	0.003	-0.000
B.27.1	224	0.387	0.025	-10.308	-0.024	0.004	-0.000
B.27.1	232	0.385	0.020	-10.495	-0.024	0.004	-0.000
B.27.1	299	0.351	-0.029	-12.971	-0.024	0.003	0.000
B.27.1	273	0.376	-0.011	-11.213	-0.024	0.003	-0.000
B.27.1	311	0.340	-0.010	-13.665	-0.024	0.003	0.000
B.27.1	246	0.381	0.008	-10.818	-0.024	0.004	-0.000
B.27.1	226	0.386	0.024	-10.355	-0.024	0.004	-0.000
B.27.1	230	0.385	0.022	-10.449	-0.024	0.004	-0.000
B.27.1	242	0.382	0.012	-10.726	-0.024	0.004	-0.000
B.27.1	325	0.326	0.018	-14.486	-0.024	0.003	0.000
B.27.1	339	0.312	0.035	-15.246	-0.024	0.002	0.000
B.27.1	359	0.293	0.011	-16.165	-0.024	0.002	-0.000
B.27.1	378	0.290	-0.002	-16.305	-0.024	0.002	-0.000
B.27.1	398	0.285	-0.020	-16.500	-0.024	0.002	-0.000
B.27.1	402	0.283	-0.023	-16.542	-0.024	0.002	-0.000
B.27.1	380	0.289	-0.005	-16.327	-0.024	0.002	-0.000
B.27.1	404	0.283	-0.025	-16.563	-0.024	0.002	-0.000
B.27.1	319	0.332	0.007	-14.160	-0.024	0.003	0.000
B.27.1	394	0.286	-0.017	-16.458	-0.024	0.002	-0.000
B.27.1	406	0.282	-0.026	-16.583	-0.024	0.002	-0.000
B.27.1	327	0.323	0.023	-14.644	-0.024	0.003	0.000
B.27.1	316	0.334	0.001	-13.994	-0.024	0.003	0.000
B.27.1	333	0.318	0.031	-14.952	-0.024	0.002	0.000
B.27.1	355	0.296	0.019	-16.045	-0.024	0.002	-0.000
B.27.1	400	0.284	-0.022	-16.521	-0.024	0.002	-0.000
B.27.1	345	0.307	0.036	-15.527	-0.024	0.002	-0.000
B.27.1	353	0.299	0.026	-15.921	-0.024	0.002	-0.000
B.27.1	313	0.337	-0.005	-13.830	-0.024	0.003	0.000
B.27.1	382	0.289	-0.007	-16.349	-0.024	0.002	-0.000
B.27.1	390	0.287	-0.013	-16.415	-0.024	0.002	-0.000
B.27.1	349	0.301	0.031	-15.793	-0.024	0.002	-0.000
B.27.1	341	0.310	0.036	-15.388	-0.024	0.002	-0.000
B.27.1	384	0.288	-0.009	-16.371	-0.024	0.002	-0.000
B.27.1	388	0.288	-0.011	-16.393	-0.024	0.002	-0.000
B.27.1	335	0.315	0.034	-15.101	-0.024	0.002	0.000
B.27.1	392	0.286	-0.015	-16.437	-0.024	0.002	-0.000
B.27.1	396	0.285	-0.019	-16.479	-0.024	0.002	-0.000
B.27.1	321	0.329	0.013	-14.325	-0.024	0.003	0.000
B.27.1	331	0.321	0.027	-14.800	-0.024	0.003	0.000
B.27.1	347	0.304	0.034	-15.662	-0.024	0.002	-0.000
B.27.1	476	0.155	0.034	-18.399	-0.024	0.001	-0.000
B.27.1	482	0.149	0.031	-18.457	-0.024	0.001	-0.000
B.27.1	423	0.255	-0.035	-17.110	-0.024	0.002	0.000
B.27.1	484	0.146	0.028	-18.485	-0.024	0.001	-0.000
B.27.1	408	0.282	-0.027	-16.604	-0.024	0.002	-0.000
B.27.1	411	0.281	-0.028	-16.624	-0.024	0.002	-0.000
B.27.1	432	0.235	-0.022	-17.430	-0.024	0.001	0.000
B.27.1	435	0.229	-0.016	-17.528	-0.024	0.001	0.000
B.27.1	464	0.170	0.035	-18.237	-0.024	0.001	0.000
B.27.1	486	0.143	0.025	-18.511	-0.024	0.001	-0.000
B.27.1	420	0.261	-0.036	-16.994	-0.024	0.002	-0.000
B.27.1	468	0.164	0.036	-18.305	-0.024	0.001	-0.000
B.27.1	414	0.274	-0.033	-16.751	-0.024	0.002	-0.000
B.27.1	417	0.268	-0.036	-16.875	-0.024	0.002	-0.000
B.27.1	438	0.222	-0.010	-17.622	-0.024	0.001	0.000
B.27.1	450	0.196	0.018	-17.957	-0.024	0.001	0.000
B.27.1	462	0.174	0.034	-18.202	-0.024	0.001	0.000
B.27.1	472	0.161	0.036	-18.337	-0.024	0.001	-0.000
B.27.1	488	0.140	0.021	-18.536	-0.024	0.001	-0.000
B.27.1	492	0.136	0.017	-18.560	-0.024	0.001	-0.000
B.27.1	447	0.203	0.011	-17.879	-0.024	0.001	0.000
B.27.1	459	0.177	0.033	-18.166	-0.024	0.001	0.000
B.27.1	444	0.209	0.004	-17.798	-0.024	0.001	0.000
B.27.1	456	0.183	0.029	-18.100	-0.024	0.001	0.000
B.27.1	466	0.167	0.036	-18.272	-0.024	0.001	0.000
B.27.1	494	0.133	0.012	-18.582	-0.024	0.001	-0.000
B.27.1	478	0.152	0.033	-18.429	-0.024	0.001	-0.000
B.27.1	429	0.242	-0.027	-17.328	-0.024	0.001	0.000
B.27.1	441	0.216	-0.003	-17.712	-0.024	0.001	0.000
B.27.1	453	0.190	0.024	-18.030	-0.024	0.001	0.000
B.27.1	474	0.158	0.035	-18.369	-0.024	0.001	-0.000
B.27.1	426	0.248	-0.032	-17.221	-0.024	0.001	0.000
B.27.1	543	0.086	-0.035	-18.698	-0.024	0.000	0.000
B.27.1	581	0.032	0.027	-18.665	-0.024	-0.000	0.000
B.27.1	583	0.027	0.031	-18.657	-0.024	-0.000	0.000
B.27.1	587	0.023	0.034	-18.648	-0.024	-0.000	0.000
B.27.1	571	0.045	0.008	-18.686	-0.024	-0.000	0.000
B.27.1	541	0.089	-0.036	-18.698	-0.024	0.000	-0.000
B.27.1	589	0.018	0.036	-18.639	-0.024	-0.000	0.000
B.27.1	547	0.083	-0.035	-18.698	-0.024	0.000	0.000
B.27.1	593	0.013	0.036	-18.630	-0.024	-0.000	-0.000
B.27.1	496	0.130	0.006	-18.604	-0.024	0.001	-0.000
B.27.1	557	0.068	-0.025	-18.694	-0.024	0.000	0.000
B.27.1	521	0.117	-0.018	-18.660	-0.024	0.000	-0.000
B.27.1	553	0.072	-0.030	-18.691	-0.024	0.000	0.000
B.27.1	595	0.009	0.034	-18.622	-0.024	-0.000	-0.000
B.27.1	523	0.113	-0.023	-18.669	-0.024	0.000	-0.000
B.27.1	533	0.100	-0.034	-18.693	-0.024	0.000	-0.000
B.27.1	551	0.076	-0.032	-18.694	-0.024	0.000	0.000
B.27.1	527	0.110	-0.027	-18.677	-0.024	0.000	-0.000
B.27.1	563	0.059	-0.013	-18.696	-0.024	0.000	0.000
B.27.1	559	0.063	-0.019	-18.696	-0.024	0.000	0.000
B.27.1	565	0.054	-0.006	-18.694	-0.024	0.000	0.000
B.27.1	519	0.120	-0.013	-18.649	-0.024	0.000	-0.000
B.27.1	569	0.050	0.001	-18.691	-0.024	-0.000	0.000
B.27.1	575	0.041	0.015	-18.680	-0.024	-0.000	0.000
B.27.1	577	0.036	0.021	-18.673	-0.024	-0.000	0.000
B.27.1	531	0.103	-0.032	-18.688	-0.024	0.000	-0.000
B.27.1	537	0.096	-0.035	-18.695	-0.024	0.000	-0.000
B.27.1	539	0.093	-0.036	-18.697	-0.024	0.000	-0.000
B.27.1	549	0.079	-0.033	-18.696	-0.024	0.000	0.000
B.27.1	517	0.124	-0.007	-18.637	-0.024	0.000	-0.000
B.27.1	529	0.107	-0.030	-18.683	-0.024	0.000	-0.000
B.27.1	682	-0.053	-0.024	-18.708	-0.024	-0.000	0.000
B.27.1	686	-0.057	-0.019	-18.706	-0.024	-0.000	0.000
B.27.1	617	-0.004	0.014	-18.629	-0.024	0.000	-0.000
B.27.1	602	-0.000	0.023	-18.608	-0.024	0.000	-0.000
B.27.1	666	-0.029	-0.034	-18.693	-0.024	0.000	-0.000
B.27.1	668	-0.033	-0.036	-18.698	-0.024	0.000	-0.000
B.27.1	613	-0.003	0.017	-18.623	-0.024	0.000	-0.000
B.27.1	676	-0.045	-0.032	-18.708	-0.024	-0.000	0.000
B.27.1	619	-0.005	0.013	-18.632	-0.024	0.000	-0.000
B.27.1	680	-0.049	-0.028	-18.708	-0.024	-0.000	0.000
B.27.1	607	-0.001	0.020	-18.614	-0.024	0.000	-0.000
B.27.1	631	-0.008	0.004	-18.650	-0.024	0.000	-0.000
B.27.1	633	-0.009	0.002	-18.653	-0.024	0.000	-0.000
B.27.1	615	-0.004	0.016	-18.626	-0.024	0.000	-0.000
B.27.1	611	-0.002	0.018	-18.620	-0.024	0.000	-0.000
B.27.1	605	-0.001	0.022	-18.611	-0.024	0.000	-0.000
B.27.1	625	-0.007	0.008	-18.641	-0.024	0.000	-0.000
B.27.1	688	-0.061	-0.013	-18.703	-0.024	-0.000	0.000
B.27.1	692	-0.065	-0.007	-18.698	-0.024	-0.000	0.000
B.27.1	621	-0.005	0.011	-18.635	-0.024	0.000	-0.000
B.27.1	674	-0.041	-0.034	-18.706	-0.024	0.000	0.000
B.27.1	599	0.004	0.029	-18.615	-0.024	0.000	-0.000
B.27.1	672	-0.037	-0.036	-18.702	-0.024	0.000	0.000
B.27.1	627	-0.007	0.007	-18.644	-0.024	0.000	-0.000
B.27.1	629	-0.008	0.005	-18.647	-0.024	0.000	-0.000
B.27.1	623	-0.006	0.010	-18.638	-0.024	0.000	-0.000
B.27.1	609	-0.002	0.019	-18.617	-0.024	0.000	-0.000
B.27.1	654	-0.013	-0.011	-18.665	-0.024	0.000	-0.000
B.27.1	656	-0.017	-0.020	-18.673	-0.024	0.000	-0.000
B.27.1	662	-0.025	-0.031	-18.687	-0.024	0.000	-0.000
B.27.1	660	-0.021	-0.027	-18.680	-0.024	0.000	-0.000
B.27.1	759	-0.156	-0.003	-18.419	-0.024	-0.001	-0.000
B.27.1	720	-0.114	0.036	-18.637	-0.024	-0.000	0.000
B.27.1	734	-0.139	0.025	-18.532	-0.024	-0.001	-0.000
B.27.1	775	-0.166	-0.020	-18.317	-0.024	-0.001	-0.000
B.27.1	716	-0.108	0.034	-18.650	-0.024	-0.000	0.000
B.27.1	763	-0.159	-0.009	-18.391	-0.024	-0.001	-0.000
B.27.1	767	-0.162	-0.014	-18.362	-0.024	-0.001	-0.000
B.27.1	765	-0.160	-0.011	-18.377	-0.024	-0.001	-0.000
B.27.1	777	-0.167	-0.022	-18.301	-0.024	-0.001	-0.000
B.27.1	738	-0.149	0.010	-18.469	-0.024	-0.001	-0.000
B.27.1	761	-0.157	-0.006	-18.405	-0.024	-0.001	-0.000
B.27.1	698	-0.073	0.005	-18.685	-0.024	-0.000	0.000
B.27.1	728	-0.129	0.033	-18.583	-0.024	-0.000	-0.000
B.27.1	773	-0.164	-0.018	-18.332	-0.024	-0.001	-0.000
B.27.1	769	-0.163	-0.016	-18.347	-0.024	-0.001	-0.000
B.27.1	779	-0.169	-0.024	-18.285	-0.024	-0.001	-0.000
B.27.1	781	-0.170	-0.025	-18.269	-0.024	-0.001	-0.000
B.27.1	783	-0.171	-0.027	-18.253	-0.024	-0.001	-0.000
B.27.1	700	-0.078	0.010	-18.685	-0.024	-0.000	0.000
B.27.1	736	-0.144	0.018	-18.502	-0.024	-0.001	-0.000
B.27.1	724	-0.124	0.035	-18.603	-0.024	-0.000	-0.000
B.27.1	787	-0.174	-0.029	-18.220	-0.024	-0.001	-0.000
B.27.1	722	-0.119	0.036	-18.622	-0.024	-0.000	-0.000
B.27.1	785	-0.173	-0.028	-18.237	-0.024	-0.001	-0.000
B.27.1	714	-0.103	0.032	-18.661	-0.024	-0.000	0.000
B.27.1	702	-0.083	0.016	-18.683	-0.024	-0.000	0.000
B.27.1	694	-0.069	-0.001	-18.692	-0.024	-0.000	0.000
B.27.1	706	-0.088	0.020	-18.680	-0.024	-0.000	0.000
B.27.1	708	-0.093	0.025	-18.676	-0.024	-0.000	0.000
B.27.1	730	-0.134	0.030	-18.559	-0.024	-0.001	-0.000
B.27.1	710	-0.098	0.029	-18.669	-0.024	-0.000	0.000
B.27.1	853	-0.289	0.035	-16.352	-0.024	-0.002	-0.000
B.27.1	829	-0.256	0.015	-17.102	-0.024	-0.002	0.000
B.27.1	865	-0.296	0.027	-16.072	-0.024	-0.002	-0.000
B.27.1	813	-0.223	-0.019	-17.628	-0.024	-0.001	0.000
B.27.1	867	-0.298	0.024	-16.013	-0.024	-0.002	-0.000
B.27.1	869	-0.299	0.020	-15.953	-0.024	-0.002	-0.000
B.27.1	871	-0.301	0.016	-15.892	-0.024	-0.002	-0.000
B.27.1	847	-0.286	0.036	-16.458	-0.024	-0.002	-0.000
B.27.1	798	-0.190	-0.036	-18.047	-0.024	-0.001	-0.000
B.27.1	819	-0.236	-0.005	-17.430	-0.024	-0.001	0.000
B.27.1	843	-0.283	0.035	-16.560	-0.024	-0.002	0.000
B.27.1	875	-0.302	0.011	-15.830	-0.024	-0.002	-0.000
B.27.1	807	-0.210	-0.029	-17.808	-0.024	-0.001	0.000
B.27.1	810	-0.216	-0.024	-17.720	-0.024	-0.001	0.000
B.27.1	801	-0.197	-0.035	-17.972	-0.024	-0.001	0.000
B.27.1	845	-0.285	0.036	-16.509	-0.024	-0.002	0.000
B.27.1	792	-0.177	-0.031	-18.186	-0.024	-0.001	-0.000
B.27.1	840	-0.282	0.034	-16.611	-0.024	-0.002	0.000
B.27.1	789	-0.176	-0.030	-18.203	-0.024	-0.001	-0.000
B.27.1	857	-0.292	0.033	-16.243	-0.024	-0.002	-0.000
B.27.1	859	-0.293	0.032	-16.187	-0.024	-0.002	-0.000
B.27.1	823	-0.243	0.002	-17.325	-0.024	-0.001	0.000
B.27.1	831	-0.262	0.021	-16.985	-0.024	-0.002	0.000
B.27.1	837	-0.275	0.031	-16.739	-0.024	-0.002	0.000
B.27.1	861	-0.295	0.029	-16.130	-0.024	-0.002	-0.000
B.27.1	795	-0.184	-0.035	-18.119	-0.024	-0.001	-0.000
B.27.1	825	-0.249	0.009	-17.216	-0.024	-0.001	0.000
B.27.1	849	-0.288	0.036	-16.405	-0.024	-0.002	-0.000
B.27.1	804	-0.203	-0.033	-17.892	-0.024	-0.001	0.000
B.27.1	855	-0.290	0.034	-16.298	-0.024	-0.002	-0.000
B.27.1	835	-0.269	0.027	-16.864	-0.024	-0.002	0.000
B.27.1	817	-0.229	-0.012	-17.531	-0.024	-0.001	0.000
B.27.1	958	-0.362	0.025	-12.268	-0.024	-0.003	0.000
B.27.1	938	-0.338	-0.021	-13.796	-0.024	-0.003	0.000
B.27.1	902	-0.311	-0.019	-15.417	-0.024	-0.002	-0.000
B.27.1	910	-0.316	-0.031	-15.115	-0.024	-0.002	-0.000
B.27.1	962	-0.365	0.030	-12.032	-0.024	-0.003	0.000
B.27.1	956	-0.358	0.019	-12.500	-0.024	-0.003	0.000
B.27.1	932	-0.333	-0.029	-14.116	-0.024	-0.003	0.000
B.27.1	944	-0.345	-0.008	-13.381	-0.024	-0.003	0.000
B.27.1	964	-0.368	0.033	-11.792	-0.024	-0.003	0.000
B.27.1	970	-0.375	0.036	-11.298	-0.024	-0.003	-0.000
B.27.1	974	-0.378	0.035	-11.045	-0.024	-0.003	-0.000
B.27.1	976	-0.382	0.031	-10.788	-0.024	-0.004	-0.000
B.27.1	918	-0.322	-0.035	-14.796	-0.024	-0.003	-0.000
B.27.1	968	-0.372	0.036	-11.547	-0.024	-0.003	0.000
B.27.1	900	-0.309	-0.014	-15.514	-0.024	-0.002	-0.000
B.27.1	928	-0.329	-0.033	-14.349	-0.024	-0.003	0.000
B.27.1	930	-0.331	-0.031	-14.233	-0.024	-0.003	0.000
B.27.1	924	-0.328	-0.034	-14.463	-0.024	-0.003	0.000
B.27.1	922	-0.326	-0.035	-14.575	-0.024	-0.003	0.000
B.27.1	935	-0.335	-0.026	-13.998	-0.024	-0.003	0.000
B.27.1	904	-0.313	-0.024	-15.318	-0.024	-0.002	-0.000
B.27.1	896	-0.307	-0.007	-15.609	-0.024	-0.002	-0.000
B.27.1	912	-0.318	-0.033	-15.010	-0.024	-0.002	-0.000
B.27.1	946	-0.348	-0.001	-13.167	-0.024	-0.003	0.000
B.27.1	952	-0.355	0.013	-12.726	-0.024	-0.003	0.000
B.27.1	920	-0.324	-0.036	-14.687	-0.024	-0.003	-0.000
B.27.1	906	-0.314	-0.028	-15.217	-0.024	-0.002	-0.000
B.27.1	914	-0.320	-0.035	-14.904	-0.024	-0.003	-0.000
B.27.1	940	-0.342	-0.015	-13.591	-0.024	-0.003	0.000
B.27.1	877	-0.304	0.006	-15.766	-0.024	-0.002	-0.000
B.27.1	950	-0.352	0.006	-12.949	-0.024	-0.003	0.000
B.27.1	982	-0.388	0.017	-10.260	-0.024	-0.004	-0.000
B.27.1	1014	-0.376	0.001	-9.904	-0.024	-0.004	-0.000
B.27.1	1012	-0.377	0.002	-9.928	-0.024	-0.004	-0.000
B.27.1	1037	-0.359	-0.021	-9.369	-0.024	-0.004	-0.000
B.27.1	1047	-0.335	-0.036	-8.582	-0.024	-0.004	-0.000
B.27.1	1049	-0.327	-0.038	-8.316	-0.024	-0.004	-0.000
B.27.1	1055	-0.310	-0.036	-7.777	-0.024	-0.004	0.000
B.27.1	1061	-0.294	-0.029	-7.235	-0.024	-0.004	0.000
B.27.1	1043	-0.343	-0.033	-8.847	-0.024	-0.004	-0.000
B.27.1	1057	-0.302	-0.033	-7.506	-0.024	-0.004	0.000
B.27.1	994	-0.384	0.012	-10.142	-0.024	-0.004	-0.000
B.27.1	996	-0.384	0.011	-10.119	-0.024	-0.004	-0.000
B.27.1	1063	-0.286	-0.024	-6.963	-0.024	-0.004	0.000
B.27.1	980	-0.385	0.026	-10.526	-0.024	-0.004	-0.000
B.27.1	988	-0.387	0.015	-10.213	-0.024	-0.004	-0.000
B.27.1	1067	-0.278	-0.019	-6.691	-0.024	-0.004	0.000
B.27.1	1051	-0.319	-0.037	-8.047	-0.024	-0.004	0.000
B.27.1	1069	-0.270	-0.013	-6.420	-0.024	-0.004	0.000
B.27.1	1000	-0.382	0.009	-10.071	-0.024	-0.004	-0.000
B.27.1	1041	-0.351	-0.028	-9.110	-0.024	-0.004	-0.000
B.27.1	1073	-0.262	-0.007	-6.150	-0.024	-0.004	0.000
B.27.1	1010	-0.378	0.003	-9.952	-0.024	-0.004	-0.000
B.27.1	990	-0.386	0.014	-10.190	-0.024	-0.004	-0.000
B.27.1	992	-0.385	0.013	-10.166	-0.024	-0.004	-0.000
B.27.1	986	-0.388	0.016	-10.237	-0.024	-0.004	-0.000
B.27.1	998	-0.383	0.010	-10.095	-0.024	-0.004	-0.000
B.27.1	1002	-0.381	0.008	-10.047	-0.024	-0.004	-0.000
B.27.1	1004	-0.380	0.007	-10.023	-0.024	-0.004	-0.000
B.27.1	1006	-0.379	0.006	-9.999	-0.024	-0.004	-0.000
B.27.1	1008	-0.379	0.005	-9.976	-0.024	-0.004	-0.000
B.27.1	1035	-0.367	-0.012	-9.626	-0.024	-0.004	-0.000
B.27.1	1158	-0.087	-0.028	-1.181	-0.015	-0.002	-0.000
B.27.1	1168	-0.061	-0.022	-0.663	-0.010	-0.002	0.000
B.27.1	1154	-0.095	-0.027	-1.377	-0.016	-0.003	-0.000
B.27.1	1075	-0.254	-0.000	-5.881	-0.024	-0.004	0.000
B.27.1	1119	-0.152	0.020	-2.847	-0.023	-0.003	-0.000
B.27.1	1142	-0.130	-0.007	-2.254	-0.022	-0.003	-0.000
B.27.1	1160	-0.078	-0.027	-0.996	-0.013	-0.002	0.000
B.27.1	1095	-0.205	0.031	-4.378	-0.023	-0.004	0.000
B.27.1	1174	-0.043	-0.014	-0.387	-0.007	-0.001	0.000
B.27.1	1103	-0.185	0.035	-3.786	-0.023	-0.003	-0.000
B.27.1	1176	-0.035	-0.010	-0.273	-0.006	-0.001	0.000
B.27.1	1113	-0.165	0.030	-3.215	-0.023	-0.003	-0.000
B.27.1	1180	-0.026	-0.007	-0.176	-0.004	-0.001	0.000
B.27.1	1182	-0.017	-0.004	-0.097	-0.003	-0.001	0.000
B.27.1	1115	-0.159	0.025	-3.030	-0.023	-0.003	-0.000
B.27.1	1107	-0.179	0.034	-3.593	-0.023	-0.003	-0.000
B.27.1	1099	-0.199	0.033	-4.179	-0.023	-0.004	0.000
B.27.1	1087	-0.225	0.021	-4.988	-0.023	-0.004	0.000
B.27.1	1093	-0.212	0.028	-4.579	-0.023	-0.004	0.000
B.27.1	1089	-0.219	0.025	-4.783	-0.023	-0.004	0.000
B.27.1	1146	-0.121	-0.016	-2.023	-0.020	-0.003	-0.000
B.27.1	1148	-0.113	-0.022	-1.799	-0.019	-0.003	-0.000
B.27.1	1164	-0.069	-0.025	-0.823	-0.012	-0.002	0.000
B.27.1	1152	-0.104	-0.026	-1.584	-0.017	-0.003	-0.000
B.27.1	1170	-0.052	-0.018	-0.518	-0.009	-0.002	0.000
B.27.1	1101	-0.192	0.035	-3.981	-0.023	-0.004	0.000
B.27.1	1083	-0.232	0.016	-5.195	-0.024	-0.004	0.000
B.27.1	1109	-0.172	0.033	-3.403	-0.023	-0.003	-0.000
B.27.1	1078	-0.245	0.006	-5.613	-0.024	-0.004	0.000
B.27.1	1081	-0.239	0.011	-5.403	-0.024	-0.004	0.000
B.27.1	1121	-0.145	0.012	-2.668	-0.023	-0.003	-0.000
B.27.1	1186	-0.009	-0.001	-0.038	-0.001	-0.000	0.000
S.1	48	0.000	0.000	-0.000	-0.000	0.000	0.000
S.2	64	0.000	-0.000	-0.000	0.000	0.000	-0.000
S.3	1188	-0.000	-0.000	-0.000	-0.000	-0.000	0.000
S.4	1204	-0.000	0.000	-0.000	0.000	-0.000	-0.000
T.1.1	172	-1.898	-0.000	-5.501	-0.000	0.004	-0.000
T.1.1	222	0.388	0.026	-10.261	-0.024	0.004	-0.000
T.2.1	223	0.388	-0.026	-10.261	0.024	0.004	0.000
T.2.1	174	-1.898	0.000	-5.501	0.000	0.004	0.000
T.3.1	222	0.388	0.026	-10.261	-0.024	0.004	-0.000
T.3.1	315	-1.893	-0.000	-13.834	-0.000	0.003	-0.000
T.4.1	223	0.388	-0.026	-10.261	0.024	0.004	0.000
T.4.1	317	-1.893	0.000	-13.834	0.000	0.003	0.000
T.5.1	316	0.334	0.001	-13.994	-0.024	0.003	0.000
T.5.1	315	-1.893	-0.000	-13.834	-0.000	0.003	-0.000
T.6.1	172	-1.898	-0.000	-5.501	-0.000	0.004	-0.000
T.6.1	173	0.245	-0.033	-5.623	-0.024	0.004	0.000
T.7.1	318	0.334	-0.001	-13.994	0.024	0.003	-0.000
T.7.1	317	-1.893	0.000	-13.834	0.000	0.003	0.000
T.8.1	175	0.245	0.033	-5.623	0.024	0.004	-0.000
T.8.1	174	-1.898	0.000	-5.501	0.000	0.004	0.000
T.9.1	411	0.281	-0.028	-16.624	-0.024	0.002	-0.000
T.9.1	315	-1.893	-0.000	-13.834	-0.000	0.003	-0.000
T.10.1	413	0.281	0.028	-16.624	0.024	0.002	0.000
T.10.1	317	-1.893	0.000	-13.834	0.000	0.003	0.000
T.11.1	458	-1.172	-0.000	-17.962	-0.000	0.001	-0.000
T.11.1	411	0.281	-0.028	-16.624	-0.024	0.002	-0.000
T.12.1	413	0.281	0.028	-16.624	0.024	0.002	0.000
T.12.1	460	-1.172	0.000	-17.962	0.000	0.001	0.000
T.13.1	458	-1.172	-0.000	-17.962	-0.000	0.001	-0.000
T.13.1	459	0.177	0.033	-18.166	-0.024	0.001	0.000
T.14.1	461	0.177	-0.033	-18.166	0.024	0.001	-0.000
T.14.1	460	-1.172	0.000	-17.962	0.000	0.001	0.000
T.15.1	458	-1.172	-0.000	-17.962	-0.000	0.001	-0.000
T.15.1	553	0.072	-0.030	-18.691	-0.024	0.000	0.000
T.16.1	554	0.072	0.030	-18.691	0.024	0.000	-0.000
T.16.1	460	-1.172	0.000	-17.962	0.000	0.001	0.000
T.17.1	601	-0.000	-0.000	-18.154	-0.000	0.000	-0.000
T.17.1	553	0.072	-0.030	-18.691	-0.024	0.000	0.000
T.18.1	554	0.072	0.030	-18.691	0.024	0.000	-0.000
T.18.1	603	-0.000	0.000	-18.154	0.000	0.000	0.000
T.19.1	601	-0.000	-0.000	-18.154	-0.000	0.000	-0.000
T.19.1	602	-0.000	0.023	-18.608	-0.024	0.000	-0.000
T.20.1	604	-0.000	-0.023	-18.608	0.024	0.000	0.000
T.20.1	603	-0.000	0.000	-18.154	0.000	0.000	0.000
T.21.1	601	-0.000	-0.000	-18.154	-0.000	0.000	-0.000
T.21.1	698	-0.073	0.005	-18.685	-0.024	-0.000	0.000
T.22.1	699	-0.073	-0.005	-18.685	0.024	-0.000	-0.000
T.22.1	603	-0.000	0.000	-18.154	0.000	0.000	0.000
T.23.1	791	1.172	-0.000	-17.967	-0.000	-0.001	-0.000
T.23.1	698	-0.073	0.005	-18.685	-0.024	-0.000	0.000
T.24.1	699	-0.073	-0.005	-18.685	0.024	-0.000	-0.000
T.24.1	793	1.172	0.000	-17.967	0.000	-0.001	0.000
T.25.1	791	1.172	-0.000	-17.967	-0.000	-0.001	-0.000
T.25.1	792	-0.177	-0.031	-18.186	-0.024	-0.001	-0.000
T.26.1	794	-0.177	0.031	-18.186	0.024	-0.001	0.000
T.26.1	793	1.172	0.000	-17.967	0.000	-0.001	0.000
T.27.1	791	1.172	-0.000	-17.967	-0.000	-0.001	-0.000
T.27.1	840	-0.282	0.034	-16.611	-0.024	-0.002	0.000
T.28.1	842	-0.282	-0.034	-16.611	0.024	-0.002	-0.000
T.28.1	793	1.172	0.000	-17.967	0.000	-0.001	0.000
T.29.1	840	-0.282	0.034	-16.611	-0.024	-0.002	0.000
T.29.1	934	1.892	-0.000	-13.833	-0.000	-0.003	-0.000
T.30.1	842	-0.282	-0.034	-16.611	0.024	-0.002	-0.000
T.30.1	936	1.892	0.000	-13.833	0.000	-0.003	0.000
T.31.1	935	-0.335	-0.026	-13.998	-0.024	-0.003	0.000
T.31.1	934	1.892	-0.000	-13.833	-0.000	-0.003	-0.000
T.32.1	937	-0.335	0.026	-13.998	0.024	-0.003	-0.000
T.32.1	936	1.892	0.000	-13.833	0.000	-0.003	0.000
T.33.1	982	-0.388	0.017	-10.260	-0.024	-0.004	-0.000
T.33.1	934	1.892	-0.000	-13.833	-0.000	-0.003	-0.000
T.34.1	983	-0.388	-0.017	-10.260	0.024	-0.004	0.000
T.34.1	936	1.892	0.000	-13.833	0.000	-0.003	0.000
T.35.1	1077	1.896	-0.000	-5.495	-0.000	-0.004	-0.000
T.35.1	982	-0.388	0.017	-10.260	-0.024	-0.004	-0.000
T.36.1	983	-0.388	-0.017	-10.260	0.024	-0.004	0.000
T.36.1	1079	1.896	0.000	-5.495	0.000	-0.004	0.000
T.37.1	1077	1.896	-0.000	-5.495	-0.000	-0.004	-0.000
T.37.1	1078	-0.245	0.006	-5.613	-0.024	-0.004	0.000
T.38.1	1079	1.896	0.000	-5.495	0.000	-0.004	0.000
T.38.1	1080	-0.245	-0.006	-5.613	0.024	-0.004	-0.000

